language,task,sigma,period,mode,is_rel,is_per,r,K,n_queries,method,rel_route,truncation,seconds,reps,value,rel_dev,guarded
matlab,ip,10,1200,absolute non-periodic,0,0,2,6,0,bulger,auto,inf,0.000237299494,708,1.41245021744955e-09,4.136e-25,0
matlab,ip,10,1200,absolute non-periodic,0,0,2,6,0,centres,auto,inf,0.000245084635,1152,1.41245021744956e-09,NaN,0
matlab,ip,10,1200,absolute non-periodic,0,0,2,6,0,mobius,auto,inf,0.000556601476,480,1.4124452187494e-09,4.999e-15,0
matlab,ip,10,1200,absolute non-periodic,0,0,2,9,0,bulger,auto,inf,0.000343371169,696,0.00265003941664522,4.337e-19,0
matlab,ip,10,1200,absolute non-periodic,0,0,2,9,0,centres,auto,inf,0.000429324914,678,0.00265003941664522,NaN,0
matlab,ip,10,1200,absolute non-periodic,0,0,2,9,0,mobius,auto,inf,0.000560628024,496,0.00265003941664522,4.770e-18,0
matlab,ip,10,1200,absolute non-periodic,0,0,2,14,0,bulger,auto,inf,0.00107241197,142,0.0246055933534732,0.000e+00,0
matlab,ip,10,1200,absolute non-periodic,0,0,2,14,0,centres,auto,inf,0.00151129366,188,0.0246055933534732,NaN,0
matlab,ip,10,1200,absolute non-periodic,0,0,2,14,0,mobius,auto,inf,0.000576948705,502,0.0246055933534733,2.429e-17,0
matlab,ip,10,1200,absolute non-periodic,0,0,2,21,0,bulger,auto,inf,0.00166524569,174,0.0170619305964074,3.469e-18,0
matlab,ip,10,1200,absolute non-periodic,0,0,2,21,0,centres,auto,inf,0.00224741054,68,0.0170619305964074,NaN,0
matlab,ip,10,1200,absolute non-periodic,0,0,2,21,0,mobius,auto,inf,0.000575968535,388,0.017061930596399,8.354e-15,0
matlab,ip,10,1200,absolute non-periodic,0,0,2,32,0,bulger,auto,inf,0.0045293799,34,0.0477967617552416,0.000e+00,0
matlab,ip,10,1200,absolute non-periodic,0,0,2,32,0,centres,auto,inf,0.00803980482,19,0.0477967617552416,NaN,0
matlab,ip,10,1200,absolute non-periodic,0,0,2,32,0,mobius,auto,inf,0.000615330678,408,0.0477967617552415,1.318e-16,0
matlab,ip,10,1200,absolute non-periodic,0,0,2,48,0,bulger,auto,inf,0.0190264427,16,0.104677627610534,0.000e+00,0
matlab,ip,10,1200,absolute non-periodic,0,0,2,48,0,centres,auto,inf,0.0370776167,5,0.104677627610534,NaN,0
matlab,ip,10,1200,absolute non-periodic,0,0,2,48,0,mobius,auto,inf,0.000640102129,368,0.104677627610518,1.517e-14,0
matlab,ip,10,1200,absolute non-periodic,0,0,3,6,0,bulger,auto,inf,0.000366324989,734,3.41072585443286e-16,4.930e-32,0
matlab,ip,10,1200,absolute non-periodic,0,0,3,6,0,centres,auto,inf,0.00100210909,288,3.41072585443286e-16,NaN,0
matlab,ip,10,1200,absolute non-periodic,0,0,3,6,0,mobius,auto,inf,0.0014532277,142,3.41348371068153e-16,2.758e-19,0
matlab,ip,10,1200,absolute non-periodic,0,0,3,9,0,bulger,auto,inf,0.00116955789,208,6.03451637399744e-10,1.034e-25,0
matlab,ip,10,1200,absolute non-periodic,0,0,3,9,0,centres,auto,inf,0.00295383886,98,6.03451637399744e-10,NaN,0
matlab,ip,10,1200,absolute non-periodic,0,0,3,9,0,mobius,auto,inf,0.00143724382,182,6.03451637438788e-10,3.904e-20,0
matlab,ip,10,1200,absolute non-periodic,0,0,3,14,0,bulger,auto,inf,0.00686688447,22,1.44568187494362e-10,4.437e-21,0
matlab,ip,10,1200,absolute non-periodic,0,0,3,14,0,centres,auto,inf,0.0366219833,5,1.44568187498799e-10,NaN,0
matlab,ip,10,1200,absolute non-periodic,0,0,3,14,0,mobius,auto,inf,0.00144506771,192,1.44568187616005e-10,1.172e-19,0
matlab,ip,10,1200,absolute non-periodic,0,0,3,21,0,bulger,auto,inf,0.0772518125,2,0.00146332132333145,4.337e-19,0
matlab,ip,10,1200,absolute non-periodic,0,0,3,21,0,centres,auto,inf,0.467707396,1,0.00146332132333145,NaN,0
matlab,ip,10,1200,absolute non-periodic,0,0,3,21,0,mobius,auto,inf,0.00147578963,184,0.00146332132332803,3.423e-15,0
matlab,ip,10,1200,absolute non-periodic,0,0,3,32,0,bulger,auto,inf,1.04669571,1,0.0212124402711652,3.469e-18,0
matlab,ip,10,1200,absolute non-periodic,0,0,3,32,0,centres,auto,inf,28.1656825,1,0.0212124402711652,NaN,1
matlab,ip,10,1200,absolute non-periodic,0,0,3,32,0,mobius,auto,inf,0.00174747466,148,0.0212124402711581,7.057e-15,0
matlab,ip,10,1200,absolute non-periodic,0,0,3,48,0,mobius,auto,inf,0.00228066486,69,0.0237446005397673,NaN,0
matlab,ip,10,1200,absolute non-periodic,0,0,4,6,0,bulger,auto,inf,0.000575316563,400,0,0.000e+00,0
matlab,ip,10,1200,absolute non-periodic,0,0,4,6,0,centres,auto,inf,0.00253639038,65,0,NaN,0
matlab,ip,10,1200,absolute non-periodic,0,0,4,6,0,mobius,auto,inf,0.005589825,40,-1.53575229714285e-19,1.536e-19,0
matlab,ip,10,1200,absolute non-periodic,0,0,4,9,0,bulger,auto,inf,0.00566517608,31,0,0.000e+00,0
matlab,ip,10,1200,absolute non-periodic,0,0,4,9,0,centres,auto,inf,0.0770303472,3,0,NaN,0
matlab,ip,10,1200,absolute non-periodic,0,0,4,9,0,mobius,auto,inf,0.00542523083,50,-5.14002289690079e-20,5.140e-20,0
matlab,ip,10,1200,absolute non-periodic,0,0,4,14,0,bulger,auto,inf,0.202769729,1,0.000271103889834395,0.000e+00,0
matlab,ip,10,1200,absolute non-periodic,0,0,4,14,0,centres,auto,inf,22.53993,1,0.000271103889834395,NaN,1
matlab,ip,10,1200,absolute non-periodic,0,0,4,14,0,mobius,auto,inf,0.00535422743,48,0.000271103889834131,2.645e-16,0
matlab,ip,10,1200,absolute non-periodic,0,0,4,21,0,bulger,auto,inf,21.6103232,1,2.49987484842152e-07,NaN,1
matlab,ip,10,1200,absolute non-periodic,0,0,4,21,0,mobius,auto,inf,0.00540480833,50,2.49987484841195e-07,NaN,0
matlab,ip,10,1200,absolute non-periodic,0,0,4,32,0,mobius,auto,inf,0.00698593056,21,0.00333697372281843,NaN,0
matlab,ip,10,1200,absolute non-periodic,0,0,4,48,0,mobius,auto,inf,0.00811053472,36,0.00611622882446696,NaN,0
matlab,ip,10,1200,absolute periodic,0,1,2,6,0,bulger,auto,inf,0.000375824289,668,1.07429165390572e-07,0.000e+00,0
matlab,ip,10,1200,absolute periodic,0,1,2,6,0,centres,auto,inf,0.000415371698,694,1.07429165390572e-07,NaN,0
matlab,ip,10,1200,absolute periodic,0,1,2,6,0,mobius,auto,inf,0.00057493294,466,1.07429165401904e-07,1.133e-17,0
matlab,ip,10,1200,absolute periodic,0,1,2,9,0,bulger,auto,inf,0.000682651877,262,0.00446908161399114,2.342e-17,0
matlab,ip,10,1200,absolute periodic,0,1,2,9,0,centres,auto,inf,0.000839957571,328,0.00446908161399117,NaN,0
matlab,ip,10,1200,absolute periodic,0,1,2,9,0,mobius,auto,inf,0.000582273229,400,0.00446908161399118,1.041e-17,0
matlab,ip,10,1200,absolute periodic,0,1,2,14,0,bulger,auto,inf,0.00136274228,162,0.145094368796868,2.776e-17,0
matlab,ip,10,1200,absolute periodic,0,1,2,14,0,centres,auto,inf,0.00205422448,80,0.145094368796868,NaN,0
matlab,ip,10,1200,absolute periodic,0,1,2,14,0,mobius,auto,inf,0.000582128676,442,0.145094368796868,2.776e-17,0
matlab,ip,10,1200,absolute periodic,0,1,2,21,0,bulger,auto,inf,0.002713325,60,0.0927711267557421,1.388e-17,0
matlab,ip,10,1200,absolute periodic,0,1,2,21,0,centres,auto,inf,0.00378825984,72,0.0927711267557421,NaN,0
matlab,ip,10,1200,absolute periodic,0,1,2,21,0,mobius,auto,inf,0.000592060341,386,0.0927711267557422,4.163e-17,0
matlab,ip,10,1200,absolute periodic,0,1,2,32,0,bulger,auto,inf,0.00766665,20,0.229601545261108,0.000e+00,0
matlab,ip,10,1200,absolute periodic,0,1,2,32,0,centres,auto,inf,0.0142494479,20,0.229601545261108,NaN,0
matlab,ip,10,1200,absolute periodic,0,1,2,32,0,mobius,auto,inf,0.000637009354,392,0.229601545261108,0.000e+00,0
matlab,ip,10,1200,absolute periodic,0,1,2,48,0,bulger,auto,inf,0.03391345,5,0.22794589111511,0.000e+00,0
matlab,ip,10,1200,absolute periodic,0,1,2,48,0,centres,auto,inf,0.065779875,3,0.22794589111511,NaN,0
matlab,ip,10,1200,absolute periodic,0,1,2,48,0,mobius,auto,inf,0.000688084599,362,0.22794589111511,0.000e+00,0
matlab,ip,10,1200,absolute periodic,0,1,3,6,0,bulger,auto,inf,0.000714439495,376,1.62230231549875e-07,0.000e+00,0
matlab,ip,10,1200,absolute periodic,0,1,3,6,0,centres,auto,inf,0.00134231964,210,1.62230231549875e-07,NaN,0
matlab,ip,10,1200,absolute periodic,0,1,3,6,0,mobius,auto,inf,0.00144442921,176,1.62230231549797e-07,7.777e-20,0
matlab,ip,10,1200,absolute periodic,0,1,3,9,0,bulger,auto,inf,0.00174598971,170,0.0196062510276299,3.469e-18,0
matlab,ip,10,1200,absolute periodic,0,1,3,9,0,centres,auto,inf,0.00500583557,56,0.0196062510276299,NaN,0
matlab,ip,10,1200,absolute periodic,0,1,3,9,0,mobius,auto,inf,0.00148716465,186,0.0196062510276299,3.469e-17,0
matlab,ip,10,1200,absolute periodic,0,1,3,14,0,bulger,auto,inf,0.0136769886,11,0.0676387991846069,1.388e-17,0
matlab,ip,10,1200,absolute periodic,0,1,3,14,0,centres,auto,inf,0.070112625,3,0.0676387991846069,NaN,0
matlab,ip,10,1200,absolute periodic,0,1,3,14,0,mobius,auto,inf,0.00148655197,182,0.067638799184607,2.776e-17,0
matlab,ip,10,1200,absolute periodic,0,1,3,21,0,bulger,auto,inf,0.144879917,2,0.0304838595423252,3.469e-18,0
matlab,ip,10,1200,absolute periodic,0,1,3,21,0,centres,auto,inf,0.860029625,1,0.0304838595423252,NaN,0
matlab,ip,10,1200,absolute periodic,0,1,3,21,0,mobius,auto,inf,0.00151030274,158,0.0304838595423252,6.939e-18,0
matlab,ip,10,1200,absolute periodic,0,1,3,32,0,bulger,auto,inf,2.01942742,1,0.167736761296109,NaN,0
matlab,ip,10,1200,absolute periodic,0,1,3,32,0,mobius,auto,inf,0.00228367748,104,0.167736761296109,NaN,0
matlab,ip,10,1200,absolute periodic,0,1,3,48,0,mobius,auto,inf,0.00230932432,74,0.146988544714729,NaN,0
matlab,ip,10,1200,absolute periodic,0,1,4,6,0,bulger,auto,inf,0.0010054994,276,0,0.000e+00,0
matlab,ip,10,1200,absolute periodic,0,1,4,6,0,centres,auto,inf,0.00342640278,45,0,NaN,0
matlab,ip,10,1200,absolute periodic,0,1,4,6,0,mobius,auto,inf,0.00511108929,56,4.35097931081328e-17,4.351e-17,0
matlab,ip,10,1200,absolute periodic,0,1,4,9,0,bulger,auto,inf,0.00801536623,19,4.43500979992704e-14,6.939e-21,0
matlab,ip,10,1200,absolute periodic,0,1,4,9,0,centres,auto,inf,0.149731396,2,4.43501049382959e-14,NaN,0
matlab,ip,10,1200,absolute periodic,0,1,4,9,0,mobius,auto,inf,0.00513992262,56,4.43498594384859e-14,2.455e-19,0
matlab,ip,10,1200,absolute periodic,0,1,4,14,0,bulger,auto,inf,0.3845875,1,0.000157350013420055,NaN,0
matlab,ip,10,1200,absolute periodic,0,1,4,14,0,mobius,auto,inf,0.0052114775,50,0.000157350013420055,NaN,0
matlab,ip,10,1200,absolute periodic,0,1,4,21,0,mobius,auto,inf,0.00565897917,28,0.0036024429979136,NaN,0
matlab,ip,10,1200,absolute periodic,0,1,4,32,0,mobius,auto,inf,0.00839079386,19,0.0304013578355361,NaN,0
matlab,ip,10,1200,absolute periodic,0,1,4,48,0,mobius,auto,inf,0.00814696991,36,0.233251057798259,NaN,0
matlab,ip,10,1200,relative non-periodic,1,0,2,6,0,bulger,auto,inf,0.00025171767,656,0.368737030378088,1.110e-16,0
matlab,ip,10,1200,relative non-periodic,1,0,2,6,0,centres,auto,inf,0.000258311594,1104,0.368737030378088,NaN,0
matlab,ip,10,1200,relative non-periodic,1,0,2,6,0,mobius,auto,inf,0.000769071429,196,0.368737030378329,2.408e-13,0
matlab,ip,10,1200,relative non-periodic,1,0,2,9,0,bulger,auto,inf,0.000352216346,780,0.372216067331162,0.000e+00,0
matlab,ip,10,1200,relative non-periodic,1,0,2,9,0,centres,auto,inf,0.000438792218,680,0.372216067331162,NaN,0
matlab,ip,10,1200,relative non-periodic,1,0,2,9,0,mobius,auto,inf,0.000824923232,330,0.372216067331172,1.055e-14,0
matlab,ip,10,1200,relative non-periodic,1,0,2,14,0,bulger,auto,inf,0.000960049967,256,0.669770107729462,1.110e-16,0
matlab,ip,10,1200,relative non-periodic,1,0,2,14,0,centres,auto,inf,0.00182650407,82,0.669770107729462,NaN,0
matlab,ip,10,1200,relative non-periodic,1,0,2,14,0,mobius,auto,inf,0.000937625608,274,0.669770107729404,5.829e-14,0
matlab,ip,10,1200,relative non-periodic,1,0,2,21,0,bulger,auto,inf,0.00218893576,72,0.690109175145565,1.110e-16,0
matlab,ip,10,1200,relative non-periodic,1,0,2,21,0,centres,auto,inf,0.0029610506,98,0.690109175145566,NaN,0
matlab,ip,10,1200,relative non-periodic,1,0,2,21,0,mobius,auto,inf,0.00101565448,147,0.690109175145617,5.151e-14,0
matlab,ip,10,1200,relative non-periodic,1,0,2,32,0,bulger,auto,inf,0.0057412037,27,0.899424560138648,0.000e+00,0
matlab,ip,10,1200,relative non-periodic,1,0,2,32,0,centres,auto,inf,0.010666628,14,0.899424560138648,NaN,0
matlab,ip,10,1200,relative non-periodic,1,0,2,32,0,mobius,auto,inf,0.00117377967,250,0.899424560138645,2.776e-15,0
matlab,ip,10,1200,relative non-periodic,1,0,2,48,0,bulger,auto,inf,0.0251155595,7,0.902107318913119,1.110e-16,0
matlab,ip,10,1200,relative non-periodic,1,0,2,48,0,centres,auto,inf,0.0493878333,4,0.902107318913119,NaN,0
matlab,ip,10,1200,relative non-periodic,1,0,2,48,0,mobius,auto,inf,0.00139580787,108,0.90210731891311,9.215e-15,0
matlab,ip,10,1200,relative non-periodic,1,0,3,6,0,bulger,auto,inf,0.000383601308,656,0.00014256969662605,2.130e-17,0
matlab,ip,10,1200,relative non-periodic,1,0,3,6,0,centres,auto,inf,0.00107917076,234,0.000142569696626028,NaN,0
matlab,ip,10,1200,relative non-periodic,1,0,3,6,0,mobius,auto,inf,0.0283569375,6,0.000142569696626216,1.879e-16,0
matlab,ip,10,1200,relative non-periodic,1,0,3,9,0,bulger,auto,inf,0.00135042239,182,0.0137883812441281,2.776e-17,0
matlab,ip,10,1200,relative non-periodic,1,0,3,9,0,centres,auto,inf,0.00315186594,92,0.0137883812441281,NaN,0
matlab,ip,10,1200,relative non-periodic,1,0,3,9,0,mobius,auto,inf,0.0581669722,3,0.0137883812441302,2.104e-15,0
matlab,ip,10,1200,relative non-periodic,1,0,3,14,0,bulger,auto,inf,0.00827216551,36,0.212747554650033,2.776e-17,0
matlab,ip,10,1200,relative non-periodic,1,0,3,14,0,centres,auto,inf,0.0419606458,4,0.212747554650033,NaN,0
matlab,ip,10,1200,relative non-periodic,1,0,3,14,0,mobius,auto,inf,0.0965260833,2,0.21274755465005,1.707e-14,0
matlab,ip,10,1200,relative non-periodic,1,0,3,21,0,bulger,auto,inf,0.0896995417,2,0.303014818534579,5.107e-15,0
matlab,ip,10,1200,relative non-periodic,1,0,3,21,0,centres,auto,inf,0.534124708,1,0.303014818534574,NaN,0
matlab,ip,10,1200,relative non-periodic,1,0,3,21,0,mobius,auto,inf,0.079062125,2,0.303014818534602,2.814e-14,0
matlab,ip,10,1200,relative non-periodic,1,0,3,32,0,bulger,auto,inf,1.25424454,1,0.486703809495809,NaN,0
matlab,ip,10,1200,relative non-periodic,1,0,3,32,0,mobius,auto,inf,0.0923723542,2,0.486703809495873,NaN,0
matlab,ip,10,1200,relative non-periodic,1,0,3,48,0,mobius,auto,inf,0.089855125,2,0.712103865566769,NaN,0
matlab,ip,10,1200,relative non-periodic,1,0,4,6,0,bulger,auto,inf,0.00056174502,410,7.21311802554075e-13,1.058e-25,0
matlab,ip,10,1200,relative non-periodic,1,0,4,6,0,centres,auto,inf,0.00221548531,122,7.2131180255418e-13,NaN,0
matlab,ip,10,1200,relative non-periodic,1,0,4,6,0,mobius,auto,inf,0.154082354,1,7.20637556261291e-13,6.742e-16,0
matlab,ip,10,1200,relative non-periodic,1,0,4,9,0,bulger,auto,inf,0.00500564516,31,8.60392901317736e-06,4.876e-18,0
matlab,ip,10,1200,relative non-periodic,1,0,4,9,0,centres,auto,inf,0.0839632708,2,8.60392901318223e-06,NaN,0
matlab,ip,10,1200,relative non-periodic,1,0,4,9,0,mobius,auto,inf,0.189176729,1,8.60392901217798e-06,1.004e-15,0
matlab,ip,10,1200,relative non-periodic,1,0,4,14,0,bulger,auto,inf,0.206451833,1,0.00665738362847614,1.665e-16,0
matlab,ip,10,1200,relative non-periodic,1,0,4,14,0,centres,auto,inf,24.9103776,1,0.00665738362847597,NaN,0
matlab,ip,10,1200,relative non-periodic,1,0,4,14,0,mobius,auto,inf,0.229732625,1,0.00665738362847216,3.809e-15,0
matlab,ip,10,1200,relative non-periodic,1,0,4,21,0,bulger,auto,inf,31.4231814,1,0.0739441617944784,NaN,1
matlab,ip,10,1200,relative non-periodic,1,0,4,21,0,mobius,auto,inf,0.554360583,1,0.0739441617944593,NaN,0
matlab,ip,10,1200,relative non-periodic,1,0,4,32,0,mobius,auto,inf,1.14174663,1,0.141970742719559,NaN,0
matlab,ip,10,1200,relative non-periodic,1,0,4,48,0,mobius,auto,inf,2.41855296,1,0.415539996279206,NaN,0
matlab,ip,10,1200,relative periodic,1,1,2,6,0,bulger,auto,inf,0.000251115464,852,0.418996040623629,5.551e-17,0
matlab,ip,10,1200,relative periodic,1,1,2,6,0,centres,auto,inf,0.000250749527,1058,0.418996040623629,NaN,0
matlab,ip,10,1200,relative periodic,1,1,2,6,0,mobius,auto,inf,0.000466885144,612,0.418996040623629,3.331e-16,0
matlab,ip,10,1200,relative periodic,1,1,2,9,0,bulger,auto,inf,0.000357209472,732,0.823849044433831,2.220e-16,0
matlab,ip,10,1200,relative periodic,1,1,2,9,0,centres,auto,inf,0.000567264822,506,0.823849044433831,NaN,0
matlab,ip,10,1200,relative periodic,1,1,2,9,0,mobius,auto,inf,0.000760092014,192,0.823849044433832,1.110e-15,0
matlab,ip,10,1200,relative periodic,1,1,2,14,0,bulger,auto,inf,0.00141051243,114,0.799420608972593,1.110e-16,0
matlab,ip,10,1200,relative periodic,1,1,2,14,0,centres,auto,inf,0.0019574848,148,0.799420608972593,NaN,0
matlab,ip,10,1200,relative periodic,1,1,2,14,0,mobius,auto,inf,0.000782909636,243,0.799420608972592,4.441e-16,0
matlab,ip,10,1200,relative periodic,1,1,2,21,0,bulger,auto,inf,0.00267327879,110,0.960520494590069,0.000e+00,0
matlab,ip,10,1200,relative periodic,1,1,2,21,0,centres,auto,inf,0.00397649452,76,0.960520494590069,NaN,0
matlab,ip,10,1200,relative periodic,1,1,2,21,0,mobius,auto,inf,0.000759912387,370,0.960520494590069,4.441e-16,0
matlab,ip,10,1200,relative periodic,1,1,2,32,0,bulger,auto,inf,0.0085821299,17,0.957868530124803,2.220e-16,0
matlab,ip,10,1200,relative periodic,1,1,2,32,0,centres,auto,inf,0.0158003625,10,0.957868530124803,NaN,0
matlab,ip,10,1200,relative periodic,1,1,2,32,0,mobius,auto,inf,0.000737877572,243,0.957868530124803,1.110e-16,0
matlab,ip,10,1200,relative periodic,1,1,2,48,0,bulger,auto,inf,0.0390845694,6,0.97573915489617,3.331e-16,0
matlab,ip,10,1200,relative periodic,1,1,2,48,0,centres,auto,inf,0.0749876458,2,0.97573915489617,NaN,0
matlab,ip,10,1200,relative periodic,1,1,2,48,0,mobius,auto,inf,0.000724265693,308,0.97573915489617,3.331e-16,0
matlab,ip,10,1200,relative periodic,1,1,3,6,0,bulger,auto,inf,0.000397366236,542,0.101176883213478,6.939e-17,0
matlab,ip,10,1200,relative periodic,1,1,3,6,0,centres,auto,inf,0.00138325609,178,0.101176883213479,NaN,0
matlab,ip,10,1200,relative periodic,1,1,3,6,0,mobius,auto,inf,0.00769585208,20,0.101176883213479,7.910e-16,0
matlab,ip,10,1200,relative periodic,1,1,3,9,0,bulger,auto,inf,0.00207470951,142,0.400868514143222,0.000e+00,0
matlab,ip,10,1200,relative periodic,1,1,3,9,0,centres,auto,inf,0.00663792029,23,0.400868514143222,NaN,0
matlab,ip,10,1200,relative periodic,1,1,3,9,0,mobius,auto,inf,0.00778698333,20,0.400868514143225,2.720e-15,0
matlab,ip,10,1200,relative periodic,1,1,3,14,0,bulger,auto,inf,0.0168635292,10,0.586735581306167,0.000e+00,0
matlab,ip,10,1200,relative periodic,1,1,3,14,0,centres,auto,inf,0.0947992083,2,0.586735581306167,NaN,0
matlab,ip,10,1200,relative periodic,1,1,3,14,0,mobius,auto,inf,0.00761961667,20,0.586735581306165,2.109e-15,0
matlab,ip,10,1200,relative periodic,1,1,3,21,0,bulger,auto,inf,0.201861979,1,0.816530746846473,1.110e-16,0
matlab,ip,10,1200,relative periodic,1,1,3,21,0,centres,auto,inf,1.20334679,1,0.816530746846473,NaN,0
matlab,ip,10,1200,relative periodic,1,1,3,21,0,mobius,auto,inf,0.00814933681,36,0.816530746846483,9.215e-15,0
matlab,ip,10,1200,relative periodic,1,1,3,32,0,bulger,auto,inf,2.78475308,1,0.924927192565863,NaN,0
matlab,ip,10,1200,relative periodic,1,1,3,32,0,mobius,auto,inf,0.00829414338,34,0.924927192565869,NaN,0
matlab,ip,10,1200,relative periodic,1,1,3,48,0,mobius,auto,inf,0.00835240625,36,0.964786143211476,NaN,0
matlab,ip,10,1200,relative periodic,1,1,4,6,0,bulger,auto,inf,0.00123961275,119,2.30259377045004e-08,1.498e-17,0
matlab,ip,10,1200,relative periodic,1,1,4,6,0,centres,auto,inf,0.00596870353,26,2.30259377194835e-08,NaN,0
matlab,ip,10,1200,relative periodic,1,1,4,6,0,mobius,auto,inf,0.104482146,2,2.30259280367164e-08,9.683e-15,0
matlab,ip,10,1200,relative periodic,1,1,4,9,0,bulger,auto,inf,0.014171697,11,0.0854915221327497,1.388e-17,0
matlab,ip,10,1200,relative periodic,1,1,4,9,0,centres,auto,inf,0.284285958,1,0.0854915221327497,NaN,0
matlab,ip,10,1200,relative periodic,1,1,4,9,0,mobius,auto,inf,0.134768958,2,0.0854915221327265,2.316e-14,0
matlab,ip,10,1200,relative periodic,1,1,4,14,0,bulger,auto,inf,0.741862583,1,0.160629123516817,NaN,0
matlab,ip,10,1200,relative periodic,1,1,4,14,0,mobius,auto,inf,0.147240271,2,0.160629123516739,NaN,0
matlab,ip,10,1200,relative periodic,1,1,4,21,0,mobius,auto,inf,0.205171708,1,0.511333162640133,NaN,0
matlab,ip,10,1200,relative periodic,1,1,4,32,0,mobius,auto,inf,0.380539271,1,0.872931117784363,NaN,0
matlab,ip,10,1200,relative periodic,1,1,4,48,0,mobius,auto,inf,0.866074479,1,0.959281791741841,NaN,0
matlab,eval,10,1200,absolute non-periodic,0,0,2,6,64,centres,auto,inf,0.000178571921,1172,0,NaN,0
matlab,eval,10,1200,absolute non-periodic,0,0,2,6,64,mobius,auto,inf,0.000106302545,1896,-2.26611240468903e-18,NaN,0
matlab,eval,10,1200,absolute non-periodic,0,0,2,9,64,centres,auto,inf,0.000265859988,1088,0.145826960620551,NaN,0
matlab,eval,10,1200,absolute non-periodic,0,0,2,9,64,mobius,auto,inf,0.000108302314,2262,0.145826960620551,NaN,0
matlab,eval,10,1200,absolute non-periodic,0,0,2,14,64,centres,auto,inf,0.000245055594,1074,1.96348003574531e-05,NaN,0
matlab,eval,10,1200,absolute non-periodic,0,0,2,14,64,mobius,auto,inf,0.000201611638,976,1.9634800953575e-05,NaN,0
matlab,eval,10,1200,absolute non-periodic,0,0,2,21,64,centres,auto,inf,0.000215968106,1326,0.0270964408880197,NaN,0
matlab,eval,10,1200,absolute non-periodic,0,0,2,21,64,mobius,auto,inf,0.000113744697,2208,0.0270964408880208,NaN,0
matlab,eval,10,1200,absolute non-periodic,0,0,2,32,64,centres,auto,inf,0.000266097576,1100,1.681051820274,NaN,0
matlab,eval,10,1200,absolute non-periodic,0,0,2,32,64,mobius,auto,inf,0.000131940443,1784,1.68105182027571,NaN,0
matlab,eval,10,1200,absolute non-periodic,0,0,2,48,64,centres,auto,inf,0.000491719782,444,1.49407290502336,NaN,0
matlab,eval,10,1200,absolute non-periodic,0,0,2,48,64,mobius,auto,inf,0.000147931396,1768,1.49407290502498,NaN,0
matlab,eval,10,1200,absolute non-periodic,0,0,3,6,64,centres,auto,inf,0.000273751619,978,0,NaN,0
matlab,eval,10,1200,absolute non-periodic,0,0,3,6,64,mobius,auto,inf,0.000170500123,1020,0,NaN,0
matlab,eval,10,1200,absolute non-periodic,0,0,3,9,64,centres,auto,inf,0.000346527118,716,0.00773240922688997,NaN,0
matlab,eval,10,1200,absolute non-periodic,0,0,3,9,64,mobius,auto,inf,0.000208419434,1280,0.00773240922690065,NaN,0
matlab,eval,10,1200,absolute non-periodic,0,0,3,14,64,centres,auto,inf,0.000556725586,384,2.49300718224471e-07,NaN,0
matlab,eval,10,1200,absolute non-periodic,0,0,3,14,64,mobius,auto,inf,0.000183622014,1270,2.49300718234288e-07,NaN,0
matlab,eval,10,1200,absolute non-periodic,0,0,3,21,64,centres,auto,inf,0.000989746617,234,7.36867575109082e-12,NaN,0
matlab,eval,10,1200,absolute non-periodic,0,0,3,21,64,mobius,auto,inf,0.000201835986,1288,7.42371458990427e-12,NaN,0
matlab,eval,10,1200,absolute non-periodic,0,0,3,32,64,centres,auto,inf,0.00235376947,122,2.58581556250223e-08,NaN,0
matlab,eval,10,1200,absolute non-periodic,0,0,3,32,64,mobius,auto,inf,0.00019912357,1078,2.58583257802844e-08,NaN,0
matlab,eval,10,1200,absolute non-periodic,0,0,3,48,64,centres,auto,inf,0.0067499058,23,0.360302031126893,NaN,0
matlab,eval,10,1200,absolute non-periodic,0,0,3,48,64,mobius,auto,inf,0.000212118879,1198,0.360302031128793,NaN,0
matlab,eval,10,1200,absolute non-periodic,0,0,4,6,64,centres,auto,inf,0.000472694799,588,0,NaN,0
matlab,eval,10,1200,absolute non-periodic,0,0,4,6,64,mobius,auto,inf,0.000305159054,624,2.41521044829117e-91,NaN,0
matlab,eval,10,1200,absolute non-periodic,0,0,4,9,64,centres,auto,inf,0.000750514744,195,0,NaN,0
matlab,eval,10,1200,absolute non-periodic,0,0,4,9,64,mobius,auto,inf,0.000314763454,830,2.0174063842754e-39,NaN,0
matlab,eval,10,1200,absolute non-periodic,0,0,4,14,64,centres,auto,inf,0.00221265174,134,0,NaN,0
matlab,eval,10,1200,absolute non-periodic,0,0,4,14,64,mobius,auto,inf,0.000309003301,732,5.13423192206471e-38,NaN,0
matlab,eval,10,1200,absolute non-periodic,0,0,4,21,64,centres,auto,inf,0.00850826852,18,3.49664669150885e-09,NaN,0
matlab,eval,10,1200,absolute non-periodic,0,0,4,21,64,mobius,auto,inf,0.000341895306,790,3.49665621871585e-09,NaN,0
matlab,eval,10,1200,absolute non-periodic,0,0,4,32,64,centres,auto,inf,0.0495928542,4,0.430012069616491,NaN,0
matlab,eval,10,1200,absolute non-periodic,0,0,4,32,64,mobius,auto,inf,0.000365805272,686,0.430012069620779,NaN,0
matlab,eval,10,1200,absolute non-periodic,0,0,4,48,64,centres,auto,inf,0.252132208,1,0.307741857125205,NaN,0
matlab,eval,10,1200,absolute non-periodic,0,0,4,48,64,mobius,auto,inf,0.000395928971,640,0.307741857133519,NaN,0
matlab,eval,10,1200,absolute periodic,0,1,2,6,64,centres,auto,inf,0.000269066558,842,0.380054417278307,NaN,0
matlab,eval,10,1200,absolute periodic,0,1,2,6,64,mobius,auto,inf,0.00014003924,1700,0.380054417278168,NaN,0
matlab,eval,10,1200,absolute periodic,0,1,2,9,64,centres,auto,inf,0.000291376325,566,1.257993593748,NaN,0
matlab,eval,10,1200,absolute periodic,0,1,2,9,64,mobius,auto,inf,0.000154185167,1518,1.25799359374785,NaN,0
matlab,eval,10,1200,absolute periodic,0,1,2,14,64,centres,auto,inf,0.000374843305,702,1.31389882605847,NaN,0
matlab,eval,10,1200,absolute periodic,0,1,2,14,64,mobius,auto,inf,0.000162693208,1438,1.31389882605782,NaN,0
matlab,eval,10,1200,absolute periodic,0,1,2,21,64,centres,auto,inf,0.000564848672,546,5.91927257127249,NaN,0
matlab,eval,10,1200,absolute periodic,0,1,2,21,64,mobius,auto,inf,0.000195501276,1110,5.91927257127159,NaN,0
matlab,eval,10,1200,absolute periodic,0,1,2,32,64,centres,auto,inf,0.000485291252,402,14.8407208147433,NaN,0
matlab,eval,10,1200,absolute periodic,0,1,2,32,64,mobius,auto,inf,0.000217015462,1086,14.840720814741,NaN,0
matlab,eval,10,1200,absolute periodic,0,1,2,48,64,centres,auto,inf,0.00069800164,432,39.0138519521421,NaN,0
matlab,eval,10,1200,absolute periodic,0,1,2,48,64,mobius,auto,inf,0.0002816,850,39.013851952135,NaN,0
matlab,eval,10,1200,absolute periodic,0,1,3,6,64,centres,auto,inf,0.000365721612,728,8.43735861159428e-05,NaN,0
matlab,eval,10,1200,absolute periodic,0,1,3,6,64,mobius,auto,inf,0.000250129607,624,8.43735861110005e-05,NaN,0
matlab,eval,10,1200,absolute periodic,0,1,3,9,64,centres,auto,inf,0.000630149548,258,0.000243784478684056,NaN,0
matlab,eval,10,1200,absolute periodic,0,1,3,9,64,mobius,auto,inf,0.000268885,850,0.000243784478683692,NaN,0
matlab,eval,10,1200,absolute periodic,0,1,3,14,64,centres,auto,inf,0.000832243482,326,0.89672315026344,NaN,0
matlab,eval,10,1200,absolute periodic,0,1,3,14,64,mobius,auto,inf,0.000344290815,832,0.896723150263036,NaN,0
matlab,eval,10,1200,absolute periodic,0,1,3,21,64,centres,auto,inf,0.0023702619,126,1.46491987143224,NaN,0
matlab,eval,10,1200,absolute periodic,0,1,3,21,64,mobius,auto,inf,0.00049400538,364,1.46491987143197,NaN,0
matlab,eval,10,1200,absolute periodic,0,1,3,32,64,centres,auto,inf,0.00622421181,24,2.56889562887199,NaN,0
matlab,eval,10,1200,absolute periodic,0,1,3,32,64,mobius,auto,inf,0.000570341456,277,2.56889562887077,NaN,0
matlab,eval,10,1200,absolute periodic,0,1,3,48,64,centres,auto,inf,0.0189705417,8,28.1187506378892,NaN,0
matlab,eval,10,1200,absolute periodic,0,1,3,48,64,mobius,auto,inf,0.000696095679,378,28.1187506378783,NaN,0
matlab,eval,10,1200,absolute periodic,0,1,4,6,64,centres,auto,inf,0.000612534754,440,4.20517928607161e-05,NaN,0
matlab,eval,10,1200,absolute periodic,0,1,4,6,64,mobius,auto,inf,0.00048801375,300,4.20517928607157e-05,NaN,0
matlab,eval,10,1200,absolute periodic,0,1,4,9,64,centres,auto,inf,0.001108401,133,3.18746630165685e-10,NaN,0
matlab,eval,10,1200,absolute periodic,0,1,4,9,64,mobius,auto,inf,0.000579944174,462,3.18746317390403e-10,NaN,0
matlab,eval,10,1200,absolute periodic,0,1,4,14,64,centres,auto,inf,0.00672573958,44,0.00924992670501609,NaN,0
matlab,eval,10,1200,absolute periodic,0,1,4,14,64,mobius,auto,inf,0.000816850457,219,0.0092499267050137,NaN,0
matlab,eval,10,1200,absolute periodic,0,1,4,21,64,centres,auto,inf,0.0313773583,5,0.431967192520673,NaN,0
matlab,eval,10,1200,absolute periodic,0,1,4,21,64,mobius,auto,inf,0.00112650541,177,0.431967192520467,NaN,0
matlab,eval,10,1200,absolute periodic,0,1,4,32,64,centres,auto,inf,0.169551667,1,1.33182063370664,NaN,0
matlab,eval,10,1200,absolute periodic,0,1,4,32,64,mobius,auto,inf,0.00135864792,160,1.3318206337062,NaN,0
matlab,eval,10,1200,absolute periodic,0,1,4,48,64,centres,auto,inf,1.84091731,1,16.0572038637568,NaN,0
matlab,eval,10,1200,absolute periodic,0,1,4,48,64,mobius,auto,inf,0.00164222489,146,16.0572038637518,NaN,0
matlab,eval,10,1200,relative non-periodic,1,0,2,6,64,centres,auto,inf,0.000172362386,1602,4.7888164845161,NaN,0
matlab,eval,10,1200,relative non-periodic,1,0,2,6,64,mobius,auto,inf,0.000810968182,55,4.78881648451665,NaN,0
matlab,eval,10,1200,relative non-periodic,1,0,2,9,64,centres,auto,inf,0.000150539661,1392,13.7953342579869,NaN,0
matlab,eval,10,1200,relative non-periodic,1,0,2,9,64,mobius,auto,inf,0.000734460112,328,13.7953342579885,NaN,0
matlab,eval,10,1200,relative non-periodic,1,0,2,14,64,centres,auto,inf,0.000167844581,1278,48.6088473324084,NaN,0
matlab,eval,10,1200,relative non-periodic,1,0,2,14,64,mobius,auto,inf,0.000724406098,205,48.6088473324129,NaN,0
matlab,eval,10,1200,relative non-periodic,1,0,2,21,64,centres,auto,inf,0.000202314677,1072,115.813905385712,NaN,0
matlab,eval,10,1200,relative non-periodic,1,0,2,21,64,mobius,auto,inf,0.000832833916,286,115.813905385725,NaN,0
matlab,eval,10,1200,relative non-periodic,1,0,2,32,64,centres,auto,inf,0.00043305447,384,203.051819434012,NaN,0
matlab,eval,10,1200,relative non-periodic,1,0,2,32,64,mobius,auto,inf,0.000908230915,286,203.051819434038,NaN,0
matlab,eval,10,1200,relative non-periodic,1,0,2,48,64,centres,auto,inf,0.000663728876,430,580.708064152376,NaN,0
matlab,eval,10,1200,relative non-periodic,1,0,2,48,64,mobius,auto,inf,0.000937089179,278,580.70806415244,NaN,0
matlab,eval,10,1200,relative non-periodic,1,0,3,6,64,centres,auto,inf,0.000212292927,1322,0.00067814628507246,NaN,0
matlab,eval,10,1200,relative non-periodic,1,0,3,6,64,mobius,auto,inf,0.0180761953,16,0.000678146285086556,NaN,0
matlab,eval,10,1200,relative non-periodic,1,0,3,9,64,centres,auto,inf,0.000241049295,934,0.527879697945336,NaN,0
matlab,eval,10,1200,relative non-periodic,1,0,3,9,64,mobius,auto,inf,0.0117058354,20,0.527879697945672,NaN,0
matlab,eval,10,1200,relative non-periodic,1,0,3,14,64,centres,auto,inf,0.000487278174,386,2.02016859042916,NaN,0
matlab,eval,10,1200,relative non-periodic,1,0,3,14,64,mobius,auto,inf,0.013357875,12,2.02016859043213,NaN,0
matlab,eval,10,1200,relative non-periodic,1,0,3,21,64,centres,auto,inf,0.00112478387,139,6.36867787027793,NaN,0
matlab,eval,10,1200,relative non-periodic,1,0,3,21,64,mobius,auto,inf,0.0133345833,11,6.3686778702837,NaN,0
matlab,eval,10,1200,relative non-periodic,1,0,3,32,64,centres,auto,inf,0.00323961504,46,36.8764279251325,NaN,0
matlab,eval,10,1200,relative non-periodic,1,0,3,32,64,mobius,auto,inf,0.0104581399,14,36.876427925167,NaN,0
matlab,eval,10,1200,relative non-periodic,1,0,3,48,64,centres,auto,inf,0.00829710088,19,135.424774918156,NaN,0
matlab,eval,10,1200,relative non-periodic,1,0,3,48,64,mobius,auto,inf,0.00737053333,20,135.424774918281,NaN,0
matlab,eval,10,1200,relative non-periodic,1,0,4,6,64,centres,auto,inf,0.000399612981,676,1.59224872278379e-10,NaN,0
matlab,eval,10,1200,relative non-periodic,1,0,4,6,64,mobius,auto,inf,0.0400491667,4,1.59223769621796e-10,NaN,0
matlab,eval,10,1200,relative non-periodic,1,0,4,9,64,centres,auto,inf,0.000724406776,198,0.0132954961456094,NaN,0
matlab,eval,10,1200,relative non-periodic,1,0,4,9,64,mobius,auto,inf,0.0412436979,4,0.0132954961456323,NaN,0
matlab,eval,10,1200,relative non-periodic,1,0,4,14,64,centres,auto,inf,0.00240546562,120,0.223348892358306,NaN,0
matlab,eval,10,1200,relative non-periodic,1,0,4,14,64,mobius,auto,inf,0.0614971944,3,0.223348892361928,NaN,0
matlab,eval,10,1200,relative non-periodic,1,0,4,21,64,centres,auto,inf,0.00991614063,16,1.29758726539774,NaN,0
matlab,eval,10,1200,relative non-periodic,1,0,4,21,64,mobius,auto,inf,0.0330503417,5,1.29758726540525,NaN,0
matlab,eval,10,1200,relative non-periodic,1,0,4,32,64,centres,auto,inf,0.0520092222,3,9.82781642338341,NaN,0
matlab,eval,10,1200,relative non-periodic,1,0,4,32,64,mobius,auto,inf,0.0420003438,4,9.82781642343883,NaN,0
matlab,eval,10,1200,relative non-periodic,1,0,4,48,64,centres,auto,inf,0.253774958,1,31.9277922653182,NaN,0
matlab,eval,10,1200,relative non-periodic,1,0,4,48,64,mobius,auto,inf,0.0632093056,3,31.9277922655167,NaN,0
matlab,eval,10,1200,relative periodic,1,1,2,6,64,centres,auto,inf,0.000134910436,1986,22.7150297401597,NaN,0
matlab,eval,10,1200,relative periodic,1,1,2,6,64,mobius,auto,inf,0.00538043,50,22.7150297401544,NaN,0
matlab,eval,10,1200,relative periodic,1,1,2,9,64,centres,auto,inf,0.000255940573,922,70.5259569831739,NaN,0
matlab,eval,10,1200,relative periodic,1,1,2,9,64,mobius,auto,inf,0.0055332392,27,70.5259569831576,NaN,0
matlab,eval,10,1200,relative periodic,1,1,2,14,64,centres,auto,inf,0.000291563939,608,154.66540348084,NaN,0
matlab,eval,10,1200,relative periodic,1,1,2,14,64,mobius,auto,inf,0.00662304072,44,154.665403480805,NaN,0
matlab,eval,10,1200,relative periodic,1,1,2,21,64,centres,auto,inf,0.000339924041,469,421.805124542758,NaN,0
matlab,eval,10,1200,relative periodic,1,1,2,21,64,mobius,auto,inf,0.00689641667,22,421.805124542664,NaN,0
matlab,eval,10,1200,relative periodic,1,1,2,32,64,centres,auto,inf,0.000414361033,355,938.539997010685,NaN,0
matlab,eval,10,1200,relative periodic,1,1,2,32,64,mobius,auto,inf,0.00852889706,34,938.539997010497,NaN,0
matlab,eval,10,1200,relative periodic,1,1,2,48,64,centres,auto,inf,0.000499711694,496,2066.79307243852,NaN,0
matlab,eval,10,1200,relative periodic,1,1,2,48,64,mobius,auto,inf,0.0103063278,15,2066.79307243805,NaN,0
matlab,eval,10,1200,relative periodic,1,1,3,6,64,centres,auto,inf,0.000473387607,466,1.41531920077141,NaN,0
matlab,eval,10,1200,relative periodic,1,1,3,6,64,mobius,auto,inf,0.0154458917,10,1.41531920077075,NaN,0
matlab,eval,10,1200,relative periodic,1,1,3,9,64,centres,auto,inf,0.000973902594,302,8.11165755565354,NaN,0
matlab,eval,10,1200,relative periodic,1,1,3,9,64,mobius,auto,inf,0.0190552656,8,8.11165755565178,NaN,0
matlab,eval,10,1200,relative periodic,1,1,3,14,64,centres,auto,inf,0.00110691012,140,58.4018781909903,NaN,0
matlab,eval,10,1200,relative periodic,1,1,3,14,64,mobius,auto,inf,0.020319349,8,58.4018781909721,NaN,0
matlab,eval,10,1200,relative periodic,1,1,3,21,64,centres,auto,inf,0.00294721949,56,143.261664137496,NaN,0
matlab,eval,10,1200,relative periodic,1,1,3,21,64,mobius,auto,inf,0.0218715521,8,143.26166413745,NaN,0
matlab,eval,10,1200,relative periodic,1,1,3,32,64,centres,auto,inf,0.00859148652,34,604.129941460637,NaN,0
matlab,eval,10,1200,relative periodic,1,1,3,32,64,mobius,auto,inf,0.0274048542,6,604.129941460443,NaN,0
matlab,eval,10,1200,relative periodic,1,1,3,48,64,centres,auto,inf,0.0263738958,6,1312.57981268469,NaN,0
matlab,eval,10,1200,relative periodic,1,1,3,48,64,mobius,auto,inf,0.033473825,5,1312.57981268424,NaN,0
matlab,eval,10,1200,relative periodic,1,1,4,6,64,centres,auto,inf,0.00127478004,190,0.372320772719348,NaN,0
matlab,eval,10,1200,relative periodic,1,1,4,6,64,mobius,auto,inf,0.036199875,5,0.372320772719219,NaN,0
matlab,eval,10,1200,relative periodic,1,1,4,9,64,centres,auto,inf,0.00223579805,124,0.968004807020814,NaN,0
matlab,eval,10,1200,relative periodic,1,1,4,9,64,mobius,auto,inf,0.0426207188,4,0.968004807020561,NaN,0
matlab,eval,10,1200,relative periodic,1,1,4,14,64,centres,auto,inf,0.0122291154,13,10.1415914030434,NaN,0
matlab,eval,10,1200,relative periodic,1,1,4,14,64,mobius,auto,inf,0.0449306875,4,10.1415914030386,NaN,0
matlab,eval,10,1200,relative periodic,1,1,4,21,64,centres,auto,inf,0.0678012083,3,34.911816373193,NaN,0
matlab,eval,10,1200,relative periodic,1,1,4,21,64,mobius,auto,inf,0.0541852778,3,34.911816373177,NaN,0
matlab,eval,10,1200,relative periodic,1,1,4,32,64,centres,auto,inf,0.378176813,1,294.917601152258,NaN,0
matlab,eval,10,1200,relative periodic,1,1,4,32,64,mobius,auto,inf,0.0655107222,3,294.91760115214,NaN,0
matlab,eval,10,1200,relative periodic,1,1,4,48,64,centres,auto,inf,8.25593329,1,1385.81540876349,NaN,0
matlab,eval,10,1200,relative periodic,1,1,4,48,64,mobius,auto,inf,0.0853748542,2,1385.81540876285,NaN,0
matlab,ip,10,1200,absolute non-periodic,0,0,2,72,0,bulger,auto,inf,0.0891199167,2,0.203021546973556,2.776e-17,0
matlab,ip,10,1200,absolute non-periodic,0,0,2,72,0,centres,auto,inf,0.176849417,1,0.203021546973556,NaN,0
matlab,ip,10,1200,absolute non-periodic,0,0,2,72,0,mobius,auto,inf,0.00111875469,160,0.203021546973539,1.674e-14,0
matlab,ip,10,1200,absolute non-periodic,0,0,2,110,0,bulger,auto,inf,0.494415792,1,0.208720272961483,2.776e-17,0
matlab,ip,10,1200,absolute non-periodic,0,0,2,110,0,centres,auto,inf,1.00640883,1,0.208720272961483,NaN,0
matlab,ip,10,1200,absolute non-periodic,0,0,2,110,0,mobius,auto,inf,0.00144691186,156,0.208720272961459,2.434e-14,0
matlab,ip,10,1200,absolute non-periodic,0,0,2,160,0,bulger,auto,inf,2.8975796,1,0.330040935179321,5.551e-17,0
matlab,ip,10,1200,absolute non-periodic,0,0,2,160,0,centres,auto,inf,14.3829239,1,0.330040935179321,NaN,0
matlab,ip,10,1200,absolute non-periodic,0,0,2,160,0,mobius,auto,inf,0.00186843129,114,0.330040935179282,3.941e-14,0
matlab,ip,10,1200,absolute non-periodic,0,0,2,240,0,bulger,auto,inf,30.5411072,1,0.449318608065967,NaN,1
matlab,ip,10,1200,absolute non-periodic,0,0,2,240,0,mobius,auto,inf,0.00261719766,82,0.449318608065944,NaN,0
matlab,ip,10,1200,absolute non-periodic,0,0,2,360,0,mobius,auto,inf,0.0036409984,78,0.616276728743853,NaN,0
matlab,ip,10,1200,absolute non-periodic,0,0,2,540,0,mobius,auto,inf,0.0201736354,8,0.731205317119322,NaN,0
matlab,ip,10,1200,absolute non-periodic,0,0,2,820,0,mobius,auto,inf,0.048465,4,0.826756901918254,NaN,0
matlab,ip,10,1200,absolute non-periodic,0,0,2,1200,0,mobius,auto,inf,0.172025271,1,0.842213977579755,NaN,0
matlab,ip,10,1200,absolute non-periodic,0,0,3,72,0,mobius,auto,inf,0.00401442045,66,0.0698278070479701,NaN,0
matlab,ip,10,1200,absolute non-periodic,0,0,3,110,0,mobius,auto,inf,0.00461843264,60,0.156326794970368,NaN,0
matlab,ip,10,1200,absolute non-periodic,0,0,3,160,0,mobius,auto,inf,0.00575425962,26,0.161490811110169,NaN,0
matlab,ip,10,1200,absolute non-periodic,0,0,3,240,0,mobius,auto,inf,0.0078451121,42,0.364589766236893,NaN,0
matlab,ip,10,1200,absolute non-periodic,0,0,3,360,0,mobius,auto,inf,0.0105088139,15,0.455257949570118,NaN,0
matlab,ip,10,1200,absolute non-periodic,0,0,3,540,0,mobius,auto,inf,0.0305205833,6,0.602610365210726,NaN,0
matlab,ip,10,1200,absolute non-periodic,0,0,3,820,0,mobius,auto,inf,0.06376825,3,0.695635619642572,NaN,0
matlab,ip,10,1200,absolute non-periodic,0,0,3,1200,0,mobius,auto,inf,0.120050604,2,0.785380337140658,NaN,0
matlab,ip,10,1200,absolute non-periodic,0,0,4,72,0,mobius,auto,inf,0.0145977875,10,0.0161169663329897,NaN,0
matlab,ip,10,1200,absolute non-periodic,0,0,4,110,0,mobius,auto,inf,0.018562776,8,0.0325007050234139,NaN,0
matlab,ip,10,1200,absolute non-periodic,0,0,4,160,0,mobius,auto,inf,0.0241407202,7,0.103634734464793,NaN,0
matlab,ip,10,1200,absolute non-periodic,0,0,4,240,0,mobius,auto,inf,0.0292377014,6,0.188107271092406,NaN,0
matlab,ip,10,1200,absolute non-periodic,0,0,4,360,0,mobius,auto,inf,0.040314375,4,0.399368456907079,NaN,0
matlab,ip,10,1200,absolute non-periodic,0,0,4,540,0,mobius,auto,inf,0.0694641528,3,0.464075956816251,NaN,0
matlab,ip,10,1200,absolute non-periodic,0,0,4,820,0,mobius,auto,inf,0.139328083,2,0.642879401411156,NaN,0
matlab,ip,10,1200,absolute non-periodic,0,0,4,1200,0,mobius,auto,inf,0.288127896,1,0.703726124002956,NaN,0
matlab,ip,10,1200,absolute periodic,0,1,2,72,0,bulger,auto,inf,0.158617271,1,0.522914567424397,0.000e+00,0
matlab,ip,10,1200,absolute periodic,0,1,2,72,0,centres,auto,inf,0.314987146,1,0.522914567424397,NaN,0
matlab,ip,10,1200,absolute periodic,0,1,2,72,0,mobius,auto,inf,0.00134445292,200,0.522914567424397,0.000e+00,0
matlab,ip,10,1200,absolute periodic,0,1,2,110,0,bulger,auto,inf,0.920556458,1,0.633198557808461,0.000e+00,0
matlab,ip,10,1200,absolute periodic,0,1,2,110,0,centres,auto,inf,1.91639371,1,0.633198557808461,NaN,0
matlab,ip,10,1200,absolute periodic,0,1,2,110,0,mobius,auto,inf,0.0015616451,170,0.63319855780846,2.220e-16,0
matlab,ip,10,1200,absolute periodic,0,1,2,160,0,bulger,auto,inf,5.63553492,1,0.752885086850931,NaN,0
matlab,ip,10,1200,absolute periodic,0,1,2,160,0,mobius,auto,inf,0.00214453498,106,0.752885086850931,NaN,0
matlab,ip,10,1200,absolute periodic,0,1,2,240,0,mobius,auto,inf,0.00239514465,106,0.766650297660315,NaN,0
matlab,ip,10,1200,absolute periodic,0,1,2,360,0,mobius,auto,inf,0.00321524411,92,0.880188499055455,NaN,0
matlab,ip,10,1200,absolute periodic,0,1,2,540,0,mobius,auto,inf,0.0038171522,72,0.879239612997573,NaN,0
matlab,ip,10,1200,absolute periodic,0,1,2,820,0,mobius,auto,inf,0.00657442,25,0.923883803669736,NaN,0
matlab,ip,10,1200,absolute periodic,0,1,2,1200,0,mobius,auto,inf,0.0125845929,13,0.940208357212897,NaN,0
matlab,ip,10,1200,absolute periodic,0,1,3,72,0,mobius,auto,inf,0.003915886,72,0.313806648340796,NaN,0
matlab,ip,10,1200,absolute periodic,0,1,3,110,0,mobius,auto,inf,0.0047111543,64,0.418427252132323,NaN,0
matlab,ip,10,1200,absolute periodic,0,1,3,160,0,mobius,auto,inf,0.00597972994,27,0.495407523551219,NaN,0
matlab,ip,10,1200,absolute periodic,0,1,3,240,0,mobius,auto,inf,0.00736515417,40,0.687482748513914,NaN,0
matlab,ip,10,1200,absolute periodic,0,1,3,360,0,mobius,auto,inf,0.0098613848,17,0.689394281495156,NaN,0
matlab,ip,10,1200,absolute periodic,0,1,3,540,0,mobius,auto,inf,0.0135213299,12,0.794131503918108,NaN,0
matlab,ip,10,1200,absolute periodic,0,1,3,820,0,mobius,auto,inf,0.0247235,7,0.925367186810805,NaN,0
matlab,ip,10,1200,absolute periodic,0,1,3,1200,0,mobius,auto,inf,0.0495221875,4,0.894904606139812,NaN,0
matlab,ip,10,1200,absolute periodic,0,1,4,72,0,mobius,auto,inf,0.015047675,10,0.363655309326064,NaN,0
matlab,ip,10,1200,absolute periodic,0,1,4,110,0,mobius,auto,inf,0.0190618194,9,0.393440172487528,NaN,0
matlab,ip,10,1200,absolute periodic,0,1,4,160,0,mobius,auto,inf,0.0247425451,12,0.482935238448869,NaN,0
matlab,ip,10,1200,absolute periodic,0,1,4,240,0,mobius,auto,inf,0.0304964653,6,0.532850323812655,NaN,0
matlab,ip,10,1200,absolute periodic,0,1,4,360,0,mobius,auto,inf,0.0404220833,4,0.709259629505949,NaN,0
matlab,ip,10,1200,absolute periodic,0,1,4,540,0,mobius,auto,inf,0.0556674722,3,0.783767000500045,NaN,0
matlab,ip,10,1200,absolute periodic,0,1,4,820,0,mobius,auto,inf,0.110651813,2,0.853149199347655,NaN,0
matlab,ip,10,1200,absolute periodic,0,1,4,1200,0,mobius,auto,inf,0.235331021,1,0.863266014567524,NaN,0
matlab,ip,10,1200,relative non-periodic,1,0,2,72,0,bulger,auto,inf,0.124863354,2,0.960029683506514,0.000e+00,0
matlab,ip,10,1200,relative non-periodic,1,0,2,72,0,centres,auto,inf,0.245215854,1,0.960029683506514,NaN,0
matlab,ip,10,1200,relative non-periodic,1,0,2,72,0,mobius,auto,inf,0.0018333522,148,0.960029683506521,6.883e-15,0
matlab,ip,10,1200,relative non-periodic,1,0,2,110,0,bulger,auto,inf,0.666339583,1,0.988552512754806,2.220e-16,0
matlab,ip,10,1200,relative non-periodic,1,0,2,110,0,centres,auto,inf,1.32883731,1,0.988552512754806,NaN,0
matlab,ip,10,1200,relative non-periodic,1,0,2,110,0,mobius,auto,inf,0.00213644931,120,0.9885525127548,6.439e-15,0
matlab,ip,10,1200,relative non-periodic,1,0,2,160,0,bulger,auto,inf,4.06866785,1,0.9933754187943,0.000e+00,0
matlab,ip,10,1200,relative non-periodic,1,0,2,160,0,centres,auto,inf,16.8854572,1,0.9933754187943,NaN,0
matlab,ip,10,1200,relative non-periodic,1,0,2,160,0,mobius,auto,inf,0.0026712908,96,0.993375418794302,2.776e-15,0
matlab,ip,10,1200,relative non-periodic,1,0,2,240,0,mobius,auto,inf,0.00373390213,43,0.994978169054532,NaN,0
matlab,ip,10,1200,relative non-periodic,1,0,2,360,0,mobius,auto,inf,0.00527740046,54,0.99815457640035,NaN,0
matlab,ip,10,1200,relative non-periodic,1,0,2,540,0,mobius,auto,inf,0.00752907292,20,0.997949819253603,NaN,0
matlab,ip,10,1200,relative non-periodic,1,0,2,820,0,mobius,auto,inf,0.0114672054,14,0.999423309044357,NaN,0
matlab,ip,10,1200,relative non-periodic,1,0,2,1200,0,mobius,auto,inf,0.0158797875,10,0.99977328131423,NaN,0
matlab,ip,10,1200,relative non-periodic,1,0,3,72,0,mobius,auto,inf,0.0949836042,2,0.762100880641759,NaN,0
matlab,ip,10,1200,relative non-periodic,1,0,3,110,0,mobius,auto,inf,0.092529,2,0.903262279289939,NaN,0
matlab,ip,10,1200,relative non-periodic,1,0,3,160,0,mobius,auto,inf,0.101314729,2,0.963097911573521,NaN,0
matlab,ip,10,1200,relative non-periodic,1,0,3,240,0,mobius,auto,inf,0.101125292,2,0.987069963402084,NaN,0
matlab,ip,10,1200,relative non-periodic,1,0,3,360,0,mobius,auto,inf,0.103212917,2,0.986952069740804,NaN,0
matlab,ip,10,1200,relative non-periodic,1,0,3,540,0,mobius,auto,inf,0.107558646,2,0.991385346646676,NaN,0
matlab,ip,10,1200,relative non-periodic,1,0,3,820,0,mobius,auto,inf,0.115112937,2,0.996653557152616,NaN,0
matlab,ip,10,1200,relative non-periodic,1,0,3,1200,0,mobius,auto,inf,0.123689875,2,0.995408532230787,NaN,0
matlab,ip,10,1200,relative non-periodic,1,0,4,72,0,mobius,auto,inf,4.8247869,1,0.6055429134685,NaN,0
matlab,ip,10,1200,relative non-periodic,1,0,4,110,0,mobius,auto,inf,11.6072024,1,0.867570174891788,NaN,0
matlab,ip,10,1200,relative non-periodic,1,0,4,160,0,mobius,auto,inf,23.577875,1,0.885019290006712,NaN,1
matlab,ip,10,1200,relative periodic,1,1,2,72,0,bulger,auto,inf,0.19426425,1,0.996358761351819,2.220e-16,0
matlab,ip,10,1200,relative periodic,1,1,2,72,0,centres,auto,inf,0.358690542,1,0.996358761351819,NaN,0
matlab,ip,10,1200,relative periodic,1,1,2,72,0,mobius,auto,inf,0.000831808616,177,0.996358761351819,2.220e-16,0
matlab,ip,10,1200,relative periodic,1,1,2,110,0,bulger,auto,inf,0.916169083,1,0.996861636163334,NaN,0
matlab,ip,10,1200,relative periodic,1,1,2,110,0,mobius,auto,inf,0.000904462982,242,0.996861636163333,NaN,0
matlab,ip,10,1200,relative periodic,1,1,2,160,0,mobius,auto,inf,0.00102276402,214,0.998998932758142,NaN,0
matlab,ip,10,1200,relative periodic,1,1,2,240,0,mobius,auto,inf,0.00124372816,124,0.999729761555797,NaN,0
matlab,ip,10,1200,relative periodic,1,1,2,360,0,mobius,auto,inf,0.00144898913,184,0.999823126266475,NaN,0
matlab,ip,10,1200,relative periodic,1,1,2,540,0,mobius,auto,inf,0.00187816968,152,0.999933455664213,NaN,0
matlab,ip,10,1200,relative periodic,1,1,2,820,0,mobius,auto,inf,0.00246756073,118,0.999972315088728,NaN,0
matlab,ip,10,1200,relative periodic,1,1,2,1200,0,mobius,auto,inf,0.00331873201,88,0.999984819721555,NaN,0
matlab,ip,10,1200,relative periodic,1,1,3,72,0,mobius,auto,inf,0.00838774561,19,0.987792740731944,NaN,0
matlab,ip,10,1200,relative periodic,1,1,3,110,0,mobius,auto,inf,0.00840625439,19,0.989498149737781,NaN,0
matlab,ip,10,1200,relative periodic,1,1,3,160,0,mobius,auto,inf,0.00857672685,18,0.997751574358512,NaN,0
matlab,ip,10,1200,relative periodic,1,1,3,240,0,mobius,auto,inf,0.00902010784,17,0.999162333660554,NaN,0
matlab,ip,10,1200,relative periodic,1,1,3,360,0,mobius,auto,inf,0.00932650972,30,0.999630260311118,NaN,0
matlab,ip,10,1200,relative periodic,1,1,3,540,0,mobius,auto,inf,0.0100599764,30,0.999703116405193,NaN,0
matlab,ip,10,1200,relative periodic,1,1,3,820,0,mobius,auto,inf,0.0108072827,14,0.999934572014953,NaN,0
matlab,ip,10,1200,relative periodic,1,1,3,1200,0,mobius,auto,inf,0.0121089423,13,0.999942177846873,NaN,0
matlab,ip,10,1200,relative periodic,1,1,4,72,0,mobius,auto,inf,1.90119296,1,0.959624842984785,NaN,0
matlab,ip,10,1200,relative periodic,1,1,4,110,0,mobius,auto,inf,4.29561606,1,0.976818287515701,NaN,0
matlab,ip,10,1200,relative periodic,1,1,4,160,0,mobius,auto,inf,8.94660712,1,0.994857819606138,NaN,0
matlab,ip,10,1200,relative periodic,1,1,4,240,0,mobius,auto,inf,19.3815949,1,0.998191872732756,NaN,0
matlab,ip,10,1200,relative periodic,1,1,4,360,0,mobius,auto,inf,44.4830906,1,0.999058833899655,NaN,1
matlab,eval,10,1200,absolute non-periodic,0,0,2,72,64,centres,auto,inf,0.000702117465,282,8.45697997821849,NaN,0
matlab,eval,10,1200,absolute non-periodic,0,0,2,72,64,mobius,auto,inf,0.000139145298,1636,8.45697997822417,NaN,0
matlab,eval,10,1200,absolute non-periodic,0,0,2,110,64,centres,auto,inf,0.00115466409,226,10.6762667419005,NaN,0
matlab,eval,10,1200,absolute non-periodic,0,0,2,110,64,mobius,auto,inf,0.000156039882,1564,10.6762667419111,NaN,0
matlab,eval,10,1200,absolute non-periodic,0,0,2,160,64,centres,auto,inf,0.00212405903,132,57.6779954655429,NaN,0
matlab,eval,10,1200,absolute non-periodic,0,0,2,160,64,mobius,auto,inf,0.00018072928,1466,57.6779954655752,NaN,0
matlab,eval,10,1200,absolute non-periodic,0,0,2,240,64,centres,auto,inf,0.00406320655,70,112.282832670924,NaN,0
matlab,eval,10,1200,absolute non-periodic,0,0,2,240,64,mobius,auto,inf,0.000217242201,1122,112.282832670993,NaN,0
matlab,eval,10,1200,absolute non-periodic,0,0,2,360,64,centres,auto,inf,0.00828933114,19,251.139983569855,NaN,0
matlab,eval,10,1200,absolute non-periodic,0,0,2,360,64,mobius,auto,inf,0.000277716667,900,251.139983570029,NaN,0
matlab,eval,10,1200,absolute non-periodic,0,0,2,540,64,centres,auto,inf,0.017547412,9,457.519608257309,NaN,0
matlab,eval,10,1200,absolute non-periodic,0,0,2,540,64,mobius,auto,inf,0.000547291875,400,457.519608257648,NaN,0
matlab,eval,10,1200,absolute non-periodic,0,0,2,820,64,centres,auto,inf,0.0387395729,4,1019.20965187753,NaN,0
matlab,eval,10,1200,absolute non-periodic,0,0,2,820,64,mobius,auto,inf,0.000594590026,386,1019.20965187829,NaN,0
matlab,eval,10,1200,absolute non-periodic,0,0,2,1200,64,centres,auto,inf,0.0829091042,2,2213.00297683279,NaN,0
matlab,eval,10,1200,absolute non-periodic,0,0,2,1200,64,mobius,auto,inf,0.000727179348,207,2213.00297683463,NaN,0
matlab,eval,10,1200,absolute non-periodic,0,0,3,72,64,centres,auto,inf,0.0195754427,8,2.54428615717068,NaN,0
matlab,eval,10,1200,absolute non-periodic,0,0,3,72,64,mobius,auto,inf,0.000244105355,1052,2.54428615718695,NaN,0
matlab,eval,10,1200,absolute non-periodic,0,0,3,110,64,centres,auto,inf,0.0709340278,3,4.17590391230023,NaN,0
matlab,eval,10,1200,absolute non-periodic,0,0,3,110,64,mobius,auto,inf,0.000271386931,894,4.1759039123269,NaN,0
matlab,eval,10,1200,absolute non-periodic,0,0,3,160,64,centres,auto,inf,0.2021575,1,39.6515312736443,NaN,0
matlab,eval,10,1200,absolute non-periodic,0,0,3,160,64,mobius,auto,inf,0.000345819159,826,39.6515312738191,NaN,0
matlab,eval,10,1200,absolute non-periodic,0,0,3,240,64,centres,auto,inf,0.703403937,1,48.5764664175627,NaN,0
matlab,eval,10,1200,absolute non-periodic,0,0,3,240,64,mobius,auto,inf,0.00039465625,592,48.5764664178713,NaN,0
matlab,eval,10,1200,absolute non-periodic,0,0,3,360,64,centres,auto,inf,2.71349558,1,657.003706462103,NaN,0
matlab,eval,10,1200,absolute non-periodic,0,0,3,360,64,mobius,auto,inf,0.000531134058,506,657.003706464722,NaN,0
matlab,eval,10,1200,absolute non-periodic,0,0,3,540,64,centres,auto,inf,8.98737646,1,1385.45204875711,NaN,0
matlab,eval,10,1200,absolute non-periodic,0,0,3,540,64,mobius,auto,inf,0.001109342,250,1385.45204876472,NaN,0
matlab,eval,10,1200,absolute non-periodic,0,0,3,820,64,centres,auto,inf,79.7678782,1,4247.59597079796,NaN,1
matlab,eval,10,1200,absolute non-periodic,0,0,3,820,64,mobius,auto,inf,0.00116497338,216,4247.59597082561,NaN,0
matlab,eval,10,1200,absolute non-periodic,0,0,3,1200,64,mobius,auto,inf,0.00140362296,204,14742.5476572492,NaN,0
matlab,eval,10,1200,absolute non-periodic,0,0,4,72,64,centres,auto,inf,1.36943417,1,0.205460778718222,NaN,0
matlab,eval,10,1200,absolute non-periodic,0,0,4,72,64,mobius,auto,inf,0.000436202972,544,0.205460778719964,NaN,0
matlab,eval,10,1200,absolute non-periodic,0,0,4,110,64,centres,auto,inf,10.4269938,1,3.04796011706207,NaN,0
matlab,eval,10,1200,absolute non-periodic,0,0,4,110,64,mobius,auto,inf,0.000536045502,478,3.04796011719563,NaN,0
matlab,eval,10,1200,absolute non-periodic,0,0,4,160,64,centres,auto,inf,167.668136,1,18.427629273911,NaN,1
matlab,eval,10,1200,absolute non-periodic,0,0,4,160,64,mobius,auto,inf,0.000693413559,362,18.4276292745075,NaN,0
matlab,eval,10,1200,absolute non-periodic,0,0,4,240,64,mobius,auto,inf,0.000835405327,316,85.8974659052141,NaN,0
matlab,eval,10,1200,absolute non-periodic,0,0,4,360,64,mobius,auto,inf,0.00113649295,254,696.672024112452,NaN,0
matlab,eval,10,1200,absolute non-periodic,0,0,4,540,64,mobius,auto,inf,0.00211493905,134,3032.10290120877,NaN,0
matlab,eval,10,1200,absolute non-periodic,0,0,4,820,64,mobius,auto,inf,0.00249904781,122,12102.5951432513,NaN,0
matlab,eval,10,1200,absolute non-periodic,0,0,4,1200,64,mobius,auto,inf,0.00272520043,58,56905.5073467885,NaN,0
matlab,eval,10,1200,absolute periodic,0,1,2,72,64,centres,auto,inf,0.00115695801,129,76.9721809217838,NaN,0
matlab,eval,10,1200,absolute periodic,0,1,2,72,64,mobius,auto,inf,0.000358146806,728,76.9721809217704,NaN,0
matlab,eval,10,1200,absolute periodic,0,1,2,110,64,centres,auto,inf,0.00233645508,64,190.754936427068,NaN,0
matlab,eval,10,1200,absolute periodic,0,1,2,110,64,mobius,auto,inf,0.00049182463,450,190.754936427036,NaN,0
matlab,eval,10,1200,absolute periodic,0,1,2,160,64,centres,auto,inf,0.00450118056,33,365.996248189699,NaN,0
matlab,eval,10,1200,absolute periodic,0,1,2,160,64,mobius,auto,inf,0.000644024162,338,365.99624818962,NaN,0
matlab,eval,10,1200,absolute periodic,0,1,2,240,64,centres,auto,inf,0.00867585784,34,848.487287377782,NaN,0
matlab,eval,10,1200,absolute periodic,0,1,2,240,64,mobius,auto,inf,0.000831949257,202,848.487287377589,NaN,0
matlab,eval,10,1200,absolute periodic,0,1,2,360,64,centres,auto,inf,0.0174803241,9,1969.39083074748,NaN,0
matlab,eval,10,1200,absolute periodic,0,1,2,360,64,mobius,auto,inf,0.00100765967,262,1969.39083074704,NaN,0
matlab,eval,10,1200,absolute periodic,0,1,2,540,64,centres,auto,inf,0.0379416917,5,4136.23942623834,NaN,0
matlab,eval,10,1200,absolute periodic,0,1,2,540,64,mobius,auto,inf,0.00117216038,232,4136.23942623755,NaN,0
matlab,eval,10,1200,absolute periodic,0,1,2,820,64,centres,auto,inf,0.0840779583,2,9113.90706417243,NaN,0
matlab,eval,10,1200,absolute periodic,0,1,2,820,64,mobius,auto,inf,0.00144651186,144,9113.90706417051,NaN,0
matlab,eval,10,1200,absolute periodic,0,1,2,1200,64,centres,auto,inf,0.175524375,1,19640.0912622863,NaN,0
matlab,eval,10,1200,absolute periodic,0,1,2,1200,64,mobius,auto,inf,0.00165525564,170,19640.0912622823,NaN,0
matlab,eval,10,1200,absolute periodic,0,1,3,72,64,centres,auto,inf,0.0592074861,3,83.2568629884808,NaN,0
matlab,eval,10,1200,absolute periodic,0,1,3,72,64,mobius,auto,inf,0.00089686048,330,83.2568629884639,NaN,0
matlab,eval,10,1200,absolute periodic,0,1,3,110,64,centres,auto,inf,0.208467979,1,183.71651299795,NaN,0
matlab,eval,10,1200,absolute periodic,0,1,3,110,64,mobius,auto,inf,0.00116111323,131,183.716512997869,NaN,0
matlab,eval,10,1200,absolute periodic,0,1,3,160,64,centres,auto,inf,1.2308659,1,779.259430128728,NaN,0
matlab,eval,10,1200,absolute periodic,0,1,3,160,64,mobius,auto,inf,0.00148995461,190,779.259430128487,NaN,0
matlab,eval,10,1200,absolute periodic,0,1,3,240,64,centres,auto,inf,4.01732183,1,2810.79804951881,NaN,0
matlab,eval,10,1200,absolute periodic,0,1,3,240,64,mobius,auto,inf,0.00192876578,132,2810.79804951797,NaN,0
matlab,eval,10,1200,absolute periodic,0,1,3,360,64,centres,auto,inf,14.1721421,1,9816.65992629645,NaN,0
matlab,eval,10,1200,absolute periodic,0,1,3,360,64,mobius,auto,inf,0.00198662025,114,9816.65992629348,NaN,0
matlab,eval,10,1200,absolute periodic,0,1,3,540,64,centres,auto,inf,42.3220253,1,31304.3000072836,NaN,1
matlab,eval,10,1200,absolute periodic,0,1,3,540,64,mobius,auto,inf,0.00260835799,98,31304.300007274,NaN,0
matlab,eval,10,1200,absolute periodic,0,1,3,820,64,mobius,auto,inf,0.00320463225,46,101196.180058443,NaN,0
matlab,eval,10,1200,absolute periodic,0,1,3,1200,64,mobius,auto,inf,0.00372960529,74,341965.280028467,NaN,0
matlab,eval,10,1200,absolute periodic,0,1,4,72,64,centres,auto,inf,9.88780292,1,71.0455894263904,NaN,0
matlab,eval,10,1200,absolute periodic,0,1,4,72,64,mobius,auto,inf,0.00184559783,138,71.0455894263608,NaN,0
matlab,eval,10,1200,absolute periodic,0,1,4,110,64,centres,auto,inf,63.159696,1,553.632002691089,NaN,1
matlab,eval,10,1200,absolute periodic,0,1,4,110,64,mobius,auto,inf,0.00252474718,118,553.632002690832,NaN,0
matlab,eval,10,1200,absolute periodic,0,1,4,160,64,mobius,auto,inf,0.00315733667,50,1780.73694704621,NaN,0
matlab,eval,10,1200,absolute periodic,0,1,4,240,64,mobius,auto,inf,0.00398280482,38,8719.3847137628,NaN,0
matlab,eval,10,1200,absolute periodic,0,1,4,360,64,mobius,auto,inf,0.00488948994,58,47355.2695200348,NaN,0
matlab,eval,10,1200,absolute periodic,0,1,4,540,64,mobius,auto,inf,0.00467311042,60,286598.983079974,NaN,0
matlab,eval,10,1200,absolute periodic,0,1,4,820,64,mobius,auto,inf,0.00567870833,50,1277471.62423541,NaN,0
matlab,eval,10,1200,absolute periodic,0,1,4,1200,64,mobius,auto,inf,0.00696832044,42,5940319.50845717,NaN,0
matlab,eval,10,1200,relative non-periodic,1,0,2,72,64,centres,auto,inf,0.000987667668,208,1297.15240664799,NaN,0
matlab,eval,10,1200,relative non-periodic,1,0,2,72,64,mobius,auto,inf,0.00113536283,137,1297.15240664813,NaN,0
matlab,eval,10,1200,relative non-periodic,1,0,2,110,64,centres,auto,inf,0.00228390625,112,3367.50056921224,NaN,0
matlab,eval,10,1200,relative non-periodic,1,0,2,110,64,mobius,auto,inf,0.00135989101,216,3367.50056921258,NaN,0
matlab,eval,10,1200,relative non-periodic,1,0,2,160,64,centres,auto,inf,0.00413294444,36,7127.13176983362,NaN,0
matlab,eval,10,1200,relative non-periodic,1,0,2,160,64,mobius,auto,inf,0.0017394465,88,7127.13176983436,NaN,0
matlab,eval,10,1200,relative non-periodic,1,0,2,240,64,centres,auto,inf,0.00824955482,19,14655.0107609843,NaN,0
matlab,eval,10,1200,relative non-periodic,1,0,2,240,64,mobius,auto,inf,0.00227006026,65,14655.0107609858,NaN,0
matlab,eval,10,1200,relative non-periodic,1,0,2,360,64,centres,auto,inf,0.0172044167,9,33176.6226044751,NaN,0
matlab,eval,10,1200,relative non-periodic,1,0,2,360,64,mobius,auto,inf,0.00317487551,82,33176.6226044786,NaN,0
matlab,eval,10,1200,relative non-periodic,1,0,2,540,64,centres,auto,inf,0.0366073333,5,74741.5202299008,NaN,0
matlab,eval,10,1200,relative non-periodic,1,0,2,540,64,mobius,auto,inf,0.00446735952,35,74741.5202299086,NaN,0
matlab,eval,10,1200,relative non-periodic,1,0,2,820,64,centres,auto,inf,0.0800818958,2,178358.667104225,NaN,0
matlab,eval,10,1200,relative non-periodic,1,0,2,820,64,mobius,auto,inf,0.006377325,25,178358.667104243,NaN,0
matlab,eval,10,1200,relative non-periodic,1,0,2,1200,64,centres,auto,inf,0.183820354,1,380107.399437975,NaN,0
matlab,eval,10,1200,relative non-periodic,1,0,2,1200,64,mobius,auto,inf,0.00976981101,28,380107.399438014,NaN,0
matlab,eval,10,1200,relative non-periodic,1,0,3,72,64,centres,auto,inf,0.0250962847,6,362.402983106588,NaN,0
matlab,eval,10,1200,relative non-periodic,1,0,3,72,64,mobius,auto,inf,0.0152554676,18,362.402983106961,NaN,0
matlab,eval,10,1200,relative non-periodic,1,0,3,110,64,centres,auto,inf,0.093435375,2,1507.72328443168,NaN,0
matlab,eval,10,1200,relative non-periodic,1,0,3,110,64,mobius,auto,inf,0.0119795451,24,1507.72328443316,NaN,0
matlab,eval,10,1200,relative non-periodic,1,0,3,160,64,centres,auto,inf,0.292023896,1,5886.23287945299,NaN,0
matlab,eval,10,1200,relative non-periodic,1,0,3,160,64,mobius,auto,inf,0.0127722535,12,5886.23287945887,NaN,0
matlab,eval,10,1200,relative non-periodic,1,0,3,240,64,centres,auto,inf,1.01079317,1,20791.8058641553,NaN,0
matlab,eval,10,1200,relative non-periodic,1,0,3,240,64,mobius,auto,inf,0.0185880599,16,20791.8058641762,NaN,0
matlab,eval,10,1200,relative non-periodic,1,0,3,360,64,centres,auto,inf,3.32819563,1,67300.9415125771,NaN,0
matlab,eval,10,1200,relative non-periodic,1,0,3,360,64,mobius,auto,inf,0.0141200076,11,67300.9415126442,NaN,0
matlab,eval,10,1200,relative non-periodic,1,0,3,540,64,centres,auto,inf,11.7105628,1,244949.253335061,NaN,0
matlab,eval,10,1200,relative non-periodic,1,0,3,540,64,mobius,auto,inf,0.0211792448,8,244949.253335304,NaN,0
matlab,eval,10,1200,relative non-periodic,1,0,3,820,64,centres,auto,inf,90.5173557,1,735129.405307688,NaN,1
matlab,eval,10,1200,relative non-periodic,1,0,3,820,64,mobius,auto,inf,0.0214689722,12,735129.405308747,NaN,0
matlab,eval,10,1200,relative non-periodic,1,0,3,1200,64,mobius,auto,inf,0.0298377833,5,2551318.78862125,NaN,0
matlab,eval,10,1200,relative non-periodic,1,0,4,72,64,centres,auto,inf,1.52326942,1,249.330214803137,NaN,0
matlab,eval,10,1200,relative non-periodic,1,0,4,72,64,mobius,auto,inf,0.0628852639,3,249.330214804514,NaN,0
matlab,eval,10,1200,relative non-periodic,1,0,4,110,64,centres,auto,inf,11.2575764,1,1251.7043092064,NaN,0
matlab,eval,10,1200,relative non-periodic,1,0,4,110,64,mobius,auto,inf,0.0440605938,4,1251.70430921422,NaN,0
matlab,eval,10,1200,relative non-periodic,1,0,4,160,64,centres,auto,inf,142.735749,1,4612.85920792533,NaN,1
matlab,eval,10,1200,relative non-periodic,1,0,4,160,64,mobius,auto,inf,0.0457147083,6,4612.85920795312,NaN,0
matlab,eval,10,1200,relative non-periodic,1,0,4,240,64,mobius,auto,inf,0.0629294167,3,28195.0746276903,NaN,0
matlab,eval,10,1200,relative non-periodic,1,0,4,360,64,mobius,auto,inf,0.0804802396,4,117694.0663917,NaN,0
matlab,eval,10,1200,relative non-periodic,1,0,4,540,64,mobius,auto,inf,0.0540359167,3,607639.040676803,NaN,0
matlab,eval,10,1200,relative non-periodic,1,0,4,820,64,mobius,auto,inf,0.0771788056,3,3467267.35303233,NaN,0
matlab,eval,10,1200,relative non-periodic,1,0,4,1200,64,mobius,auto,inf,0.087458375,2,15821310.6049344,NaN,0
matlab,eval,10,1200,relative periodic,1,1,2,72,64,centres,auto,inf,0.00079919695,194,5220.54214588262,NaN,0
matlab,eval,10,1200,relative periodic,1,1,2,72,64,mobius,auto,inf,0.0150815542,10,5220.54214588151,NaN,0
matlab,eval,10,1200,relative periodic,1,1,2,110,64,centres,auto,inf,0.00144858939,110,10105.0379269633,NaN,0
matlab,eval,10,1200,relative periodic,1,1,2,110,64,mobius,auto,inf,0.0184470417,8,10105.0379269612,NaN,0
matlab,eval,10,1200,relative periodic,1,1,2,160,64,centres,auto,inf,0.00265099017,106,23390.1692757897,NaN,0
matlab,eval,10,1200,relative periodic,1,1,2,160,64,mobius,auto,inf,0.0230248155,7,23390.1692757848,NaN,0
matlab,eval,10,1200,relative periodic,1,1,2,240,64,centres,auto,inf,0.00553100595,28,52394.9436393213,NaN,0
matlab,eval,10,1200,relative periodic,1,1,2,240,64,mobius,auto,inf,0.0328440583,5,52394.94363931,NaN,0
matlab,eval,10,1200,relative periodic,1,1,2,360,64,centres,auto,inf,0.0107517667,15,118977.713697333,NaN,0
matlab,eval,10,1200,relative periodic,1,1,2,360,64,mobius,auto,inf,0.0484730625,4,118977.713697308,NaN,0
matlab,eval,10,1200,relative periodic,1,1,2,540,64,centres,auto,inf,0.0221477619,7,263093.782209971,NaN,0
matlab,eval,10,1200,relative periodic,1,1,2,540,64,mobius,auto,inf,0.06321925,3,263093.782209916,NaN,0
matlab,eval,10,1200,relative periodic,1,1,2,820,64,centres,auto,inf,0.0494568542,4,613205.828467266,NaN,0
matlab,eval,10,1200,relative periodic,1,1,2,820,64,mobius,auto,inf,0.09429275,2,613205.828467138,NaN,0
matlab,eval,10,1200,relative periodic,1,1,2,1200,64,centres,auto,inf,0.100807896,2,1296485.11397078,NaN,0
matlab,eval,10,1200,relative periodic,1,1,2,1200,64,mobius,auto,inf,0.130412021,2,1296485.11397051,NaN,0
matlab,eval,10,1200,relative periodic,1,1,3,72,64,centres,auto,inf,0.089241,2,5811.18197198349,NaN,0
matlab,eval,10,1200,relative periodic,1,1,3,72,64,mobius,auto,inf,0.0489223194,3,5811.18197198162,NaN,0
matlab,eval,10,1200,relative periodic,1,1,3,110,64,centres,auto,inf,0.307906313,1,19224.3030941543,NaN,0
matlab,eval,10,1200,relative periodic,1,1,3,110,64,mobius,auto,inf,0.064211625,3,19224.3030941482,NaN,0
matlab,eval,10,1200,relative periodic,1,1,3,160,64,centres,auto,inf,0.983984042,1,63836.9647646921,NaN,0
matlab,eval,10,1200,relative periodic,1,1,3,160,64,mobius,auto,inf,0.0814514375,2,63836.9647646722,NaN,0
matlab,eval,10,1200,relative periodic,1,1,3,240,64,centres,auto,inf,3.55422613,1,239183.290460292,NaN,0
matlab,eval,10,1200,relative periodic,1,1,3,240,64,mobius,auto,inf,0.115563271,2,239183.290460217,NaN,0
matlab,eval,10,1200,relative periodic,1,1,3,360,64,centres,auto,inf,16.14194,1,762373.02688389,NaN,0
matlab,eval,10,1200,relative periodic,1,1,3,360,64,mobius,auto,inf,0.155140771,1,762373.026883672,NaN,0
matlab,eval,10,1200,relative periodic,1,1,3,540,64,centres,auto,inf,39.8968195,1,2604305.28680404,NaN,1
matlab,eval,10,1200,relative periodic,1,1,3,540,64,mobius,auto,inf,0.223497,1,2604305.28680335,NaN,0
matlab,eval,10,1200,relative periodic,1,1,3,820,64,mobius,auto,inf,0.330605042,1,9156679.84418994,NaN,0
matlab,eval,10,1200,relative periodic,1,1,3,1200,64,mobius,auto,inf,0.461139146,1,28681925.6149391,NaN,0
matlab,eval,10,1200,relative periodic,1,1,4,72,64,centres,auto,inf,20.0409701,1,8517.62788869911,NaN,1
matlab,eval,10,1200,relative periodic,1,1,4,72,64,mobius,auto,inf,0.110267042,2,8517.62788869529,NaN,0
matlab,eval,10,1200,relative periodic,1,1,4,110,64,mobius,auto,inf,0.153219646,1,35096.9698254552,NaN,0
matlab,eval,10,1200,relative periodic,1,1,4,160,64,mobius,auto,inf,0.199195187,1,180219.602880562,NaN,0
matlab,eval,10,1200,relative periodic,1,1,4,240,64,mobius,auto,inf,0.276849604,1,968325.574649184,NaN,0
matlab,eval,10,1200,relative periodic,1,1,4,360,64,mobius,auto,inf,0.390998063,1,4344661.58143085,NaN,0
matlab,eval,10,1200,relative periodic,1,1,4,540,64,mobius,auto,inf,0.594162125,1,25239826.5709689,NaN,0
matlab,eval,10,1200,relative periodic,1,1,4,820,64,mobius,auto,inf,0.826189875,1,128782119.611671,NaN,0
matlab,eval,10,1200,relative periodic,1,1,4,1200,64,mobius,auto,inf,1.17971027,1,604916836.763741,NaN,0
