language,mode,is_rel,is_per,r,K,method,truncation,seconds,reps,value,rel_dev
matlab,absolute non-periodic,0,0,2,6,bulger,inf,0.000255526251,846,0.0220974056945736,NaN
matlab,absolute non-periodic,0,0,2,6,mobius,inf,0.000570116898,504,0.0220974056945712,2.342e-15
matlab,absolute non-periodic,0,0,2,12,bulger,inf,0.000724241102,384,0.0136432273445955,NaN
matlab,absolute non-periodic,0,0,2,12,mobius,inf,0.000572652778,432,0.0136432273445954,5.551e-17
matlab,absolute non-periodic,0,0,2,20,bulger,inf,0.00199823276,87,0.168080293106141,NaN
matlab,absolute non-periodic,0,0,2,20,mobius,inf,0.000600833223,378,0.168080293106143,2.193e-15
matlab,absolute non-periodic,0,0,2,34,bulger,inf,0.00705188591,42,0.276329228486047,NaN
matlab,absolute non-periodic,0,0,2,34,mobius,inf,0.000648363111,368,0.276329228486015,3.214e-14
matlab,absolute non-periodic,0,0,3,6,bulger,inf,0.000442509595,634,0.000521028669186421,NaN
matlab,absolute non-periodic,0,0,3,6,mobius,inf,0.0014657117,136,0.000521028669186428,7.156e-18
matlab,absolute non-periodic,0,0,3,12,bulger,inf,0.00395989352,72,0.0151341494961349,NaN
matlab,absolute non-periodic,0,0,3,12,mobius,inf,0.00151928561,172,0.0151341494961347,1.926e-16
matlab,absolute non-periodic,0,0,3,20,bulger,inf,0.0775270208,2,0.0431423448126019,NaN
matlab,absolute non-periodic,0,0,3,20,mobius,inf,0.00156314306,180,0.0431423448125966,5.239e-15
matlab,absolute non-periodic,0,0,3,34,mobius,inf,0.00188709509,124,0.0775002273411831,NaN
matlab,absolute non-periodic,0,0,4,6,bulger,inf,0.000656008294,422,0,NaN
matlab,absolute non-periodic,0,0,4,6,mobius,inf,0.00536075641,52,-2.28243362025078e-17,2.282e-17
matlab,absolute non-periodic,0,0,4,12,bulger,inf,0.0578677917,3,0.000982244456808395,NaN
matlab,absolute non-periodic,0,0,4,12,mobius,inf,0.00541345673,52,0.000982244456806938,1.457e-15
matlab,absolute non-periodic,0,0,4,20,mobius,inf,0.0054899881,28,0.0270328121731932,NaN
matlab,absolute non-periodic,0,0,4,34,mobius,inf,0.00736690761,23,0.0386897849136808,NaN
matlab,absolute periodic,0,1,2,6,bulger,inf,0.000383488398,668,0.518081943484703,NaN
matlab,absolute periodic,0,1,2,6,mobius,inf,0.000628904566,396,0.518081943484703,2.220e-16
matlab,absolute periodic,0,1,2,12,bulger,inf,0.00132581958,200,0.11787303217724,NaN
matlab,absolute periodic,0,1,2,12,mobius,inf,0.000622966528,422,0.11787303217724,1.388e-17
matlab,absolute periodic,0,1,2,20,bulger,inf,0.00285412387,74,0.594227049500202,NaN
matlab,absolute periodic,0,1,2,20,mobius,inf,0.000634376337,374,0.594227049500202,1.110e-16
matlab,absolute periodic,0,1,2,34,bulger,inf,0.0132958368,12,0.635028326669427,NaN
matlab,absolute periodic,0,1,2,34,mobius,inf,0.000688789572,358,0.635028326669427,2.220e-16
matlab,absolute periodic,0,1,3,6,bulger,inf,0.000786308601,187,0.0134739819249658,NaN
matlab,absolute periodic,0,1,3,6,mobius,inf,0.00151228886,178,0.013473981924966,2.758e-16
matlab,absolute periodic,0,1,3,12,bulger,inf,0.00736118333,20,0.22754172559466,NaN
matlab,absolute periodic,0,1,3,12,mobius,inf,0.00154211553,176,0.22754172559466,0.000e+00
matlab,absolute periodic,0,1,3,20,mobius,inf,0.00159564781,95,0.147751728896709,NaN
matlab,absolute periodic,0,1,3,34,mobius,inf,0.00214898832,132,0.519719427989487,NaN
matlab,absolute periodic,0,1,4,6,bulger,inf,0.00115660122,212,0.00344103819700629,NaN
matlab,absolute periodic,0,1,4,6,mobius,inf,0.00538259535,52,0.00344103819700581,4.779e-16
matlab,absolute periodic,0,1,4,12,mobius,inf,0.005424375,28,0.0817731619760174,NaN
matlab,absolute periodic,0,1,4,20,mobius,inf,0.00551736607,28,0.064741873771363,NaN
matlab,absolute periodic,0,1,4,34,mobius,inf,0.0080071777,34,0.509445239694912,NaN
matlab,relative non-periodic,1,0,2,6,bulger,inf,0.000272591387,626,0.5878356192509,NaN
matlab,relative non-periodic,1,0,2,6,mobius,inf,0.000275988147,464,0.587835619250854,4.663e-14
matlab,relative non-periodic,1,0,2,12,bulger,inf,0.000784693727,368,0.764434507902938,NaN
matlab,relative non-periodic,1,0,2,12,mobius,inf,0.000587545105,412,0.764434507902931,6.328e-15
matlab,relative non-periodic,1,0,2,20,bulger,inf,0.00230635012,67,0.945330461303718,NaN
matlab,relative non-periodic,1,0,2,20,mobius,inf,0.000742901239,316,0.945330461303718,1.110e-16
matlab,relative non-periodic,1,0,2,34,bulger,inf,0.00925620098,17,0.956848079018657,NaN
matlab,relative non-periodic,1,0,2,34,mobius,inf,0.000830064429,324,0.956848079018659,2.220e-15
matlab,relative non-periodic,1,0,3,6,bulger,inf,0.000461110833,500,0.00344619359371402,NaN
matlab,relative non-periodic,1,0,3,6,mobius,inf,0.000996419476,178,0.00344619359371406,3.946e-17
matlab,relative non-periodic,1,0,3,12,bulger,inf,0.00480251006,58,0.28259001852782,NaN
matlab,relative non-periodic,1,0,3,12,mobius,inf,0.0207695052,8,0.282590018527774,4.591e-14
matlab,relative non-periodic,1,0,3,20,bulger,inf,0.0926336667,2,0.620006506041035,NaN
matlab,relative non-periodic,1,0,3,20,mobius,inf,0.0338411167,5,0.620006506040983,5.185e-14
matlab,relative non-periodic,1,0,3,34,mobius,inf,0.0192814427,8,0.832103387134895,NaN
matlab,relative non-periodic,1,0,4,6,bulger,inf,0.000701769537,418,2.5096596257893e-06,NaN
matlab,relative non-periodic,1,0,4,6,mobius,inf,0.00198288514,74,2.50965962580481e-06,1.551e-17
matlab,relative non-periodic,1,0,4,12,bulger,inf,0.0679778889,3,0.13774432505722,NaN
matlab,relative non-periodic,1,0,4,12,mobius,inf,0.0894979167,2,0.137744325057187,3.358e-14
matlab,relative non-periodic,1,0,4,20,mobius,inf,0.141636896,2,0.537788605136379,NaN
matlab,relative non-periodic,1,0,4,34,mobius,inf,0.357950917,1,0.752880657768666,NaN
matlab,relative periodic,1,1,2,6,bulger,inf,0.00026399262,734,0.821725401469173,NaN
matlab,relative periodic,1,1,2,6,mobius,inf,0.000275464357,920,0.821725401469173,2.220e-16
matlab,relative periodic,1,1,2,12,bulger,inf,0.00117242123,137,0.952245467240147,NaN
matlab,relative periodic,1,1,2,12,mobius,inf,0.000757644651,229,0.952245467240147,1.110e-16
matlab,relative periodic,1,1,2,20,bulger,inf,0.00265225141,59,0.975363748452767,NaN
matlab,relative periodic,1,1,2,20,mobius,inf,0.000693733915,272,0.975363748452767,1.110e-16
matlab,relative periodic,1,1,2,34,bulger,inf,0.0128835799,12,0.999180608876769,NaN
matlab,relative periodic,1,1,2,34,mobius,inf,0.000647449369,251,0.999180608876769,3.331e-16
matlab,relative periodic,1,1,3,6,bulger,inf,0.000498904149,476,0.257967213242764,NaN
matlab,relative periodic,1,1,3,6,mobius,inf,0.00135735223,194,0.257967213242764,2.220e-16
matlab,relative periodic,1,1,3,12,bulger,inf,0.0101028828,16,0.797079612225138,NaN
matlab,relative periodic,1,1,3,12,mobius,inf,0.001468766,138,0.797079612225137,6.661e-16
matlab,relative periodic,1,1,3,20,mobius,inf,0.00165872589,140,0.972135172806678,NaN
matlab,relative periodic,1,1,3,34,mobius,inf,0.00163305394,180,0.996051329118069,NaN
matlab,relative periodic,1,1,4,6,bulger,inf,0.00146543194,180,0.218914493789418,NaN
matlab,relative periodic,1,1,4,6,mobius,inf,0.0367793854,4,0.218914493789371,4.619e-14
matlab,relative periodic,1,1,4,12,mobius,inf,0.0604602917,3,0.608019353835426,NaN
matlab,relative periodic,1,1,4,20,mobius,inf,0.0786298542,2,0.810921274476584,NaN
matlab,relative periodic,1,1,4,34,mobius,inf,0.123720292,2,0.989668256587974,NaN
