language,task,sigma,period,mode,is_rel,is_per,r,K,n_queries,method,rel_route,truncation,seconds,reps,guarded,value,rel_dev
python,ip,10.0,1200.0,absolute non-periodic,False,False,2,6,,centres,forced-by-method,inf,0.0002091002640721034,1420,False,1.4124502174495598e-09,nan
python,ip,10.0,1200.0,absolute non-periodic,False,False,2,6,,bulger,forced-by-method,inf,0.00020464888141511685,1408,False,1.4124502174495596e-09,2.0679515313825692e-25
python,ip,10.0,1200.0,absolute non-periodic,False,False,2,6,,mobius,forced-by-method,inf,0.0004498031715786001,670,False,1.4124452073377097e-09,5.0101118501057004e-15
python,ip,10.0,1200.0,absolute non-periodic,False,False,2,9,,centres,forced-by-method,inf,0.00025823063118859333,583,False,0.002650039416645219,nan
python,ip,10.0,1200.0,absolute non-periodic,False,False,2,9,,bulger,forced-by-method,inf,0.0002463194447057868,1194,False,0.0026500394166452186,4.336808689942018e-19
python,ip,10.0,1200.0,absolute non-periodic,False,False,2,9,,mobius,forced-by-method,inf,0.0004501380058304229,346,False,0.0026500394166452204,1.3010426069826053e-18
python,ip,10.0,1200.0,absolute non-periodic,False,False,2,14,,centres,forced-by-method,inf,0.00039701928193259866,376,False,0.024605593353473242,nan
python,ip,10.0,1200.0,absolute non-periodic,False,False,2,14,,bulger,forced-by-method,inf,0.00036172205924334545,422,False,0.024605593353473235,6.938893903907228e-18
python,ip,10.0,1200.0,absolute non-periodic,False,False,2,14,,mobius,forced-by-method,inf,0.0004517653339140418,644,False,0.02460559335347326,1.734723475976807e-17
python,ip,10.0,1200.0,absolute non-periodic,False,False,2,21,,centres,forced-by-method,inf,0.0008129874997798147,180,False,0.017061930596407395,nan
python,ip,10.0,1200.0,absolute non-periodic,False,False,2,21,,bulger,forced-by-method,inf,0.0006709992183271813,426,False,0.01706193059640739,3.469446951953614e-18
python,ip,10.0,1200.0,absolute non-periodic,False,False,2,21,,mobius,forced-by-method,inf,0.0004585731326764488,339,False,0.017061930596399037,8.357897707256257e-15
python,ip,10.0,1200.0,absolute non-periodic,False,False,2,32,,centres,forced-by-method,inf,0.002433721781320249,96,False,0.047796761755241654,nan
python,ip,10.0,1200.0,absolute non-periodic,False,False,2,32,,bulger,forced-by-method,inf,0.001934177963854184,166,False,0.04779676175524166,6.938893903907228e-18
python,ip,10.0,1200.0,absolute non-periodic,False,False,2,32,,mobius,forced-by-method,inf,0.0005550699518957677,520,False,0.04779676175524153,1.249000902703301e-16
python,ip,10.0,1200.0,absolute non-periodic,False,False,2,48,,centres,forced-by-method,inf,0.008726161764249863,17,False,0.10467762761053356,nan
python,ip,10.0,1200.0,absolute non-periodic,False,False,2,48,,bulger,forced-by-method,inf,0.0057217556157131465,52,False,0.10467762761053359,2.7755575615628914e-17
python,ip,10.0,1200.0,absolute non-periodic,False,False,2,48,,mobius,forced-by-method,inf,0.000576594899574434,508,False,0.10467762761051834,1.522393322517246e-14
python,ip,10.0,1200.0,absolute non-periodic,False,False,3,6,,centres,forced-by-method,inf,0.000504444539229109,293,False,3.4107258544328793e-16,nan
python,ip,10.0,1200.0,absolute non-periodic,False,False,3,6,,bulger,forced-by-method,inf,0.00045080952424878727,658,False,3.4107258544328793e-16,0.0
python,ip,10.0,1200.0,absolute non-periodic,False,False,3,6,,mobius,forced-by-method,inf,0.0011233357174538843,262,False,3.4146566283726865e-16,3.930773939807236e-19
python,ip,10.0,1200.0,absolute non-periodic,False,False,3,9,,centres,forced-by-method,inf,0.0020904982393659967,71,False,6.034516373997465e-10,nan
python,ip,10.0,1200.0,absolute non-periodic,False,False,3,9,,bulger,forced-by-method,inf,0.0015860006577751943,190,False,6.034516373997467e-10,2.0679515313825692e-25
python,ip,10.0,1200.0,absolute non-periodic,False,False,3,9,,mobius,forced-by-method,inf,0.001142519826610242,248,False,6.034516374366153e-10,3.686888746756041e-20
python,ip,10.0,1200.0,absolute non-periodic,False,False,3,14,,centres,forced-by-method,inf,0.010296543544179505,22,False,1.44568187498799e-10,nan
python,ip,10.0,1200.0,absolute non-periodic,False,False,3,14,,bulger,forced-by-method,inf,0.007541037499322556,40,False,1.4456818749436187e-10,4.437126052705152e-21
python,ip,10.0,1200.0,absolute non-periodic,False,False,3,14,,mobius,forced-by-method,inf,0.001149723425234382,254,False,1.4456818756397633e-10,6.517733447459782e-20
python,ip,10.0,1200.0,absolute non-periodic,False,False,3,21,,centres,forced-by-method,inf,0.05218891651020385,4,False,0.0014633213233314556,nan
python,ip,10.0,1200.0,absolute non-periodic,False,False,3,21,,bulger,forced-by-method,inf,0.031113416749576572,8,False,0.0014633213233314556,0.0
python,ip,10.0,1200.0,absolute non-periodic,False,False,3,21,,mobius,forced-by-method,inf,0.0011634046679828316,250,False,0.0014633213233280324,3.4232599394057317e-15
python,ip,10.0,1200.0,absolute non-periodic,False,False,3,32,,centres,forced-by-method,inf,0.3357988750212826,1,False,0.021212440271165197,nan
python,ip,10.0,1200.0,absolute non-periodic,False,False,3,32,,bulger,forced-by-method,inf,0.15632416697917506,1,False,0.0212124402711652,3.469446951953614e-18
python,ip,10.0,1200.0,absolute non-periodic,False,False,3,32,,mobius,forced-by-method,inf,0.0014015714285917403,210,False,0.021212440271158144,7.053385653321698e-15
python,ip,10.0,1200.0,absolute non-periodic,False,False,3,48,,bulger,forced-by-method,inf,0.7461568750441074,1,False,0.023744600539771118,nan
python,ip,10.0,1200.0,absolute non-periodic,False,False,3,48,,mobius,forced-by-method,inf,0.0015084208317076493,190,False,0.02374460053976735,nan
python,ip,10.0,1200.0,absolute non-periodic,False,False,4,6,,centres,forced-by-method,inf,0.004357610268393395,82,False,0.0,nan
python,ip,10.0,1200.0,absolute non-periodic,False,False,4,6,,bulger,forced-by-method,inf,0.002062347218340549,78,False,0.0,0.0
python,ip,10.0,1200.0,absolute non-periodic,False,False,4,6,,mobius,forced-by-method,inf,0.004043530097179528,72,False,-4.223318817142827e-20,4.223318817142827e-20
python,ip,10.0,1200.0,absolute non-periodic,False,False,4,9,,centres,forced-by-method,inf,0.039312076492933556,6,False,0.0,nan
python,ip,10.0,1200.0,absolute non-periodic,False,False,4,9,,bulger,forced-by-method,inf,0.028761474997736514,10,False,0.0,0.0
python,ip,10.0,1200.0,absolute non-periodic,False,False,4,9,,mobius,forced-by-method,inf,0.0040930601939584855,36,False,2.821973355161225e-20,2.821973355161225e-20
python,ip,10.0,1200.0,absolute non-periodic,False,False,4,14,,centres,forced-by-method,inf,0.38462983298813924,1,False,0.0002711038898343951,nan
python,ip,10.0,1200.0,absolute non-periodic,False,False,4,14,,bulger,forced-by-method,inf,0.2723350829910487,1,False,0.00027110388983439505,5.421010862427522e-20
python,ip,10.0,1200.0,absolute non-periodic,False,False,4,14,,mobius,forced-by-method,inf,0.004136855999925448,68,False,0.0002711038898341457,2.494207097802903e-16
python,ip,10.0,1200.0,absolute non-periodic,False,False,4,21,,bulger,forced-by-method,inf,1.9096727919531986,1,False,2.499874848421523e-07,nan
python,ip,10.0,1200.0,absolute non-periodic,False,False,4,21,,mobius,forced-by-method,inf,0.004320594058039465,35,False,2.499874848412542e-07,nan
python,ip,10.0,1200.0,absolute non-periodic,False,False,4,32,,mobius,forced-by-method,inf,0.005178187500107391,58,False,0.0033369737228184284,nan
python,ip,10.0,1200.0,absolute non-periodic,False,False,4,48,,mobius,forced-by-method,inf,0.005480802445499985,27,False,0.006116228824466967,nan
python,ip,10.0,1200.0,absolute periodic,False,True,2,6,,centres,forced-by-method,inf,0.00011608455585797955,2488,False,1.0742916540189647e-07,nan
python,ip,10.0,1200.0,absolute periodic,False,True,2,6,,bulger,forced-by-method,inf,9.93301297101525e-05,2328,False,1.0742916540189647e-07,0.0
python,ip,10.0,1200.0,absolute periodic,False,True,2,6,,mobius,forced-by-method,inf,0.00046733154297604637,628,False,1.0742916540188541e-07,1.105113298370845e-20
python,ip,10.0,1200.0,absolute periodic,False,True,2,9,,centres,forced-by-method,inf,0.0005441869800766717,402,False,0.004469081613991181,nan
python,ip,10.0,1200.0,absolute periodic,False,True,2,9,,bulger,forced-by-method,inf,0.00018100037147514948,1572,False,0.004469081613991182,8.673617379884035e-19
python,ip,10.0,1200.0,absolute periodic,False,True,2,9,,mobius,forced-by-method,inf,0.0004780774389002831,622,False,0.004469081613991181,0.0
python,ip,10.0,1200.0,absolute periodic,False,True,2,14,,centres,forced-by-method,inf,0.0011089445363162765,151,False,0.14509436879686852,nan
python,ip,10.0,1200.0,absolute periodic,False,True,2,14,,bulger,forced-by-method,inf,0.000640841739955922,446,False,0.14509436879686852,0.0
python,ip,10.0,1200.0,absolute periodic,False,True,2,14,,mobius,forced-by-method,inf,0.00047037513475326896,616,False,0.1450943687968685,2.7755575615628914e-17
python,ip,10.0,1200.0,absolute periodic,False,True,2,21,,centres,forced-by-method,inf,0.005078627879466412,58,False,0.09277112675574216,nan
python,ip,10.0,1200.0,absolute periodic,False,True,2,21,,bulger,forced-by-method,inf,0.0026735995370135816,108,False,0.09277112675574217,1.3877787807814457e-17
python,ip,10.0,1200.0,absolute periodic,False,True,2,21,,mobius,forced-by-method,inf,0.0004759450431046044,580,False,0.09277112675574213,2.7755575615628914e-17
python,ip,10.0,1200.0,absolute periodic,False,True,2,32,,centres,forced-by-method,inf,0.03623708337545395,8,False,0.22960154526110785,nan
python,ip,10.0,1200.0,absolute periodic,False,True,2,32,,bulger,forced-by-method,inf,0.01813561456219759,16,False,0.22960154526110782,2.7755575615628914e-17
python,ip,10.0,1200.0,absolute periodic,False,True,2,32,,mobius,forced-by-method,inf,0.0005751383509867045,490,False,0.22960154526110782,2.7755575615628914e-17
python,ip,10.0,1200.0,absolute periodic,False,True,2,48,,centres,forced-by-method,inf,0.22243845800403506,1,False,0.2279458911151105,nan
python,ip,10.0,1200.0,absolute periodic,False,True,2,48,,bulger,forced-by-method,inf,0.10050456249155104,2,False,0.2279458911151105,0.0
python,ip,10.0,1200.0,absolute periodic,False,True,2,48,,mobius,forced-by-method,inf,0.0006241140957733497,470,False,0.2279458911151105,0.0
python,ip,10.0,1200.0,absolute periodic,False,True,3,6,,centres,forced-by-method,inf,0.0008468546349034655,356,False,1.6223023154987553e-07,nan
python,ip,10.0,1200.0,absolute periodic,False,True,3,6,,bulger,forced-by-method,inf,0.00023376383110121536,1202,False,1.622302315498755e-07,2.6469779601696886e-23
python,ip,10.0,1200.0,absolute periodic,False,True,3,6,,mobius,forced-by-method,inf,0.001178141441414482,256,False,1.6223023155222515e-07,2.3496164561242257e-18
python,ip,10.0,1200.0,absolute periodic,False,True,3,9,,centres,forced-by-method,inf,0.014052533300127835,10,False,0.019606251027629897,nan
python,ip,10.0,1200.0,absolute periodic,False,True,3,9,,bulger,forced-by-method,inf,0.0017686438647640014,148,False,0.019606251027629897,0.0
python,ip,10.0,1200.0,absolute periodic,False,True,3,9,,mobius,forced-by-method,inf,0.0011485429611977536,258,False,0.019606251027629883,1.3877787807814457e-17
python,ip,10.0,1200.0,absolute periodic,False,True,3,14,,centres,forced-by-method,inf,0.28601120796520263,1,False,0.06763879918460693,nan
python,ip,10.0,1200.0,absolute periodic,False,True,3,14,,bulger,forced-by-method,inf,0.04413458333389523,6,False,0.06763879918460693,0.0
python,ip,10.0,1200.0,absolute periodic,False,True,3,14,,mobius,forced-by-method,inf,0.0011518982732923178,256,False,0.06763879918460682,1.1102230246251565e-16
python,ip,10.0,1200.0,absolute periodic,False,True,3,21,,centres,forced-by-method,inf,3.806377833010629,1,False,0.030483859542325173,nan
python,ip,10.0,1200.0,absolute periodic,False,True,3,21,,bulger,forced-by-method,inf,0.5841642080340534,1,False,0.03048385954232518,6.938893903907228e-18
python,ip,10.0,1200.0,absolute periodic,False,True,3,21,,mobius,forced-by-method,inf,0.0011953739837432902,246,False,0.030483859542325166,6.938893903907228e-18
python,ip,10.0,1200.0,absolute periodic,False,True,3,32,,centres,forced-by-method,inf,65.67806212499272,1,True,0.16773676129610857,nan
python,ip,10.0,1200.0,absolute periodic,False,True,3,32,,bulger,forced-by-method,inf,11.125224958988838,1,False,0.1677367612961086,2.7755575615628914e-17
python,ip,10.0,1200.0,absolute periodic,False,True,3,32,,mobius,forced-by-method,inf,0.0015520317111319551,180,False,0.1677367612961085,5.551115123125783e-17
python,ip,10.0,1200.0,absolute periodic,False,True,3,48,,mobius,forced-by-method,inf,0.0016575590662586575,91,False,0.14698854471472855,nan
python,ip,10.0,1200.0,absolute periodic,False,True,4,6,,centres,forced-by-method,inf,0.00937857421922672,32,False,3.81036578194354e-21,nan
python,ip,10.0,1200.0,absolute periodic,False,True,4,6,,bulger,forced-by-method,inf,0.000751579049800601,321,False,3.81036578194354e-21,0.0
python,ip,10.0,1200.0,absolute periodic,False,True,4,6,,mobius,forced-by-method,inf,0.004481879562263202,64,False,5.2574333338993625e-17,5.257052297321168e-17
python,ip,10.0,1200.0,absolute periodic,False,True,4,9,,centres,forced-by-method,inf,0.768225290987175,1,False,4.435010570248548e-14,nan
python,ip,10.0,1200.0,absolute periodic,False,True,4,9,,bulger,forced-by-method,inf,0.0330801562522538,8,False,4.435010570248548e-14,0.0
python,ip,10.0,1200.0,absolute periodic,False,True,4,9,,mobius,forced-by-method,inf,0.004772865967242979,60,False,4.435088887245642e-14,7.83169970940934e-19
python,ip,10.0,1200.0,absolute periodic,False,True,4,14,,centres,forced-by-method,inf,61.660457457997836,1,True,0.0001573500134200553,nan
python,ip,10.0,1200.0,absolute periodic,False,True,4,14,,bulger,forced-by-method,inf,2.2273936250130646,1,False,0.00015735001342005538,8.131516293641283e-20
python,ip,10.0,1200.0,absolute periodic,False,True,4,14,,mobius,forced-by-method,inf,0.004851834071035098,56,False,0.00015735001342005454,7.589415207398531e-19
python,ip,10.0,1200.0,absolute periodic,False,True,4,21,,bulger,forced-by-method,inf,91.63113933400018,1,True,0.0036024429979136055,nan
python,ip,10.0,1200.0,absolute periodic,False,True,4,21,,mobius,forced-by-method,inf,0.004900006696906141,56,False,0.003602442997913598,nan
python,ip,10.0,1200.0,absolute periodic,False,True,4,32,,mobius,forced-by-method,inf,0.00561070052087113,48,False,0.030401357835536078,nan
python,ip,10.0,1200.0,absolute periodic,False,True,4,48,,mobius,forced-by-method,inf,0.0061025373336936655,48,False,0.23325105779825886,nan
python,ip,10.0,1200.0,relative non-periodic,True,False,2,6,,centres,forced-by-method,inf,0.0003405088315523007,736,False,0.36873703037808847,nan
python,ip,10.0,1200.0,relative non-periodic,True,False,2,6,,bulger,forced-by-method,inf,0.0003237463538507166,503,False,0.3687370303780886,1.1102230246251565e-16
python,ip,10.0,1200.0,relative non-periodic,True,False,2,6,,mobius,forced-by-method,inf,0.0008633903133355685,185,False,0.36873703037832917,2.4069635173873394e-13
python,ip,10.0,1200.0,relative non-periodic,True,False,2,9,,centres,forced-by-method,inf,0.0004216970688895431,566,False,0.3722160673311616,nan
python,ip,10.0,1200.0,relative non-periodic,True,False,2,9,,bulger,forced-by-method,inf,0.0004081338958409712,384,False,0.3722160673311615,5.551115123125783e-17
python,ip,10.0,1200.0,relative non-periodic,True,False,2,9,,mobius,forced-by-method,inf,0.0014340852941934238,170,False,0.3722160673311721,1.049160758270773e-14
python,ip,10.0,1200.0,relative non-periodic,True,False,2,14,,centres,forced-by-method,inf,0.0010169138513119506,222,False,0.6697701077294622,nan
python,ip,10.0,1200.0,relative non-periodic,True,False,2,14,,bulger,forced-by-method,inf,0.0008189833580761509,338,False,0.6697701077294622,0.0
python,ip,10.0,1200.0,relative non-periodic,True,False,2,14,,mobius,forced-by-method,inf,0.002210823412511557,126,False,0.6697701077294037,5.850875339774575e-14
python,ip,10.0,1200.0,relative non-periodic,True,False,2,21,,centres,forced-by-method,inf,0.003500290565793157,76,False,0.6901091751455655,nan
python,ip,10.0,1200.0,relative non-periodic,True,False,2,21,,bulger,forced-by-method,inf,0.0032959583372440798,86,False,0.6901091751455655,0.0
python,ip,10.0,1200.0,relative non-periodic,True,False,2,21,,mobius,forced-by-method,inf,0.0028911108571004923,56,False,0.6901091751456178,5.229150445984487e-14
python,ip,10.0,1200.0,relative non-periodic,True,False,2,32,,centres,forced-by-method,inf,0.014212037497782149,20,False,0.899424560138648,nan
python,ip,10.0,1200.0,relative non-periodic,True,False,2,32,,bulger,forced-by-method,inf,0.01354156249858947,22,False,0.8994245601386478,2.220446049250313e-16
python,ip,10.0,1200.0,relative non-periodic,True,False,2,32,,mobius,forced-by-method,inf,0.004365524565144323,39,False,0.8994245601386448,3.219646771412954e-15
python,ip,10.0,1200.0,relative non-periodic,True,False,2,48,,centres,forced-by-method,inf,0.07026977074565366,4,False,0.9021073189131191,nan
python,ip,10.0,1200.0,relative non-periodic,True,False,2,48,,bulger,forced-by-method,inf,0.06471220849198289,2,False,0.9021073189131192,1.1102230246251565e-16
python,ip,10.0,1200.0,relative non-periodic,True,False,2,48,,mobius,forced-by-method,inf,0.006302984143119483,42,False,0.9021073189131108,8.326672684688674e-15
python,ip,10.0,1200.0,relative non-periodic,True,False,3,6,,centres,forced-by-method,inf,0.000804453500157771,224,False,0.0001425696966260286,nan
python,ip,10.0,1200.0,relative non-periodic,True,False,3,6,,bulger,forced-by-method,inf,0.0006332764627389937,296,False,0.0001425696966260499,2.1304572689340162e-17
python,ip,10.0,1200.0,relative non-periodic,True,False,3,6,,mobius,forced-by-method,inf,0.04219475000475844,6,False,0.00014256969662604946,2.087089182034596e-17
python,ip,10.0,1200.0,relative non-periodic,True,False,3,9,,centres,forced-by-method,inf,0.0033705924101806698,78,False,0.01378838124412806,nan
python,ip,10.0,1200.0,relative non-periodic,True,False,3,9,,bulger,forced-by-method,inf,0.002190430550865877,78,False,0.013788381244128085,2.42861286636753e-17
python,ip,10.0,1200.0,relative non-periodic,True,False,3,9,,mobius,forced-by-method,inf,0.10908118751831353,2,False,0.013788381244129485,1.4242079737769586e-15
python,ip,10.0,1200.0,relative non-periodic,True,False,3,14,,centres,forced-by-method,inf,0.01805021612381097,16,False,0.21274755465003345,nan
python,ip,10.0,1200.0,relative non-periodic,True,False,3,14,,bulger,forced-by-method,inf,0.008219298612352254,18,False,0.2127475546500334,5.551115123125783e-17
python,ip,10.0,1200.0,relative non-periodic,True,False,3,14,,mobius,forced-by-method,inf,0.19273804099066183,1,False,0.21274755465002995,3.497202527569243e-15
python,ip,10.0,1200.0,relative non-periodic,True,False,3,21,,centres,forced-by-method,inf,0.1900276669766754,1,False,0.30301481853457396,nan
python,ip,10.0,1200.0,relative non-periodic,True,False,3,21,,bulger,forced-by-method,inf,0.0595057289901888,4,False,0.30301481853457896,4.9960036108132044e-15
python,ip,10.0,1200.0,relative non-periodic,True,False,3,21,,mobius,forced-by-method,inf,0.1581620000069961,1,False,0.30301481853458057,6.6058269965196814e-15
python,ip,10.0,1200.0,relative non-periodic,True,False,3,32,,centres,forced-by-method,inf,1.7323148329742253,1,False,0.48670380949580794,nan
python,ip,10.0,1200.0,relative non-periodic,True,False,3,32,,bulger,forced-by-method,inf,0.3951805420219898,1,False,0.486703809495809,1.0547118733938987e-15
python,ip,10.0,1200.0,relative non-periodic,True,False,3,32,,mobius,forced-by-method,inf,0.19450833299197257,1,False,0.48670380949583814,3.019806626980426e-14
python,ip,10.0,1200.0,relative non-periodic,True,False,3,48,,bulger,forced-by-method,inf,5.178577666985802,1,False,0.7121038655666562,nan
python,ip,10.0,1200.0,relative non-periodic,True,False,3,48,,mobius,forced-by-method,inf,0.1878709169686772,1,False,0.7121038655666969,nan
python,ip,10.0,1200.0,relative non-periodic,True,False,4,6,,centres,forced-by-method,inf,0.004621544279871159,32,False,7.21311802554183e-13,nan
python,ip,10.0,1200.0,relative non-periodic,True,False,4,6,,bulger,forced-by-method,inf,0.0025315039056295063,64,False,7.213118025540772e-13,1.058209572699674e-25
python,ip,10.0,1200.0,relative non-periodic,True,False,4,6,,mobius,forced-by-method,inf,0.04589249999844469,6,False,7.21121518455384e-13,1.9028409879900627e-16
python,ip,10.0,1200.0,relative non-periodic,True,False,4,9,,centres,forced-by-method,inf,0.05241643749468494,4,False,8.603929013182242e-06,nan
python,ip,10.0,1200.0,relative non-periodic,True,False,4,9,,bulger,forced-by-method,inf,0.02834986670059152,10,False,8.603929013177364e-06,4.877215710290261e-18
python,ip,10.0,1200.0,relative non-periodic,True,False,4,9,,mobius,forced-by-method,inf,0.12932535400614142,2,False,8.603929012191662e-06,9.905796208254866e-16
python,ip,10.0,1200.0,relative non-periodic,True,False,4,14,,centres,forced-by-method,inf,0.59525241603842,1,False,0.006657383628475975,nan
python,ip,10.0,1200.0,relative non-periodic,True,False,4,14,,bulger,forced-by-method,inf,0.2466310000163503,1,False,0.006657383628476143,1.682681771697503e-16
python,ip,10.0,1200.0,relative non-periodic,True,False,4,14,,mobius,forced-by-method,inf,0.2978062909678556,1,False,0.006657383628472153,3.821595817576906e-15
python,ip,10.0,1200.0,relative non-periodic,True,False,4,21,,bulger,forced-by-method,inf,1.973930583044421,1,False,0.07394416179447841,nan
python,ip,10.0,1200.0,relative non-periodic,True,False,4,21,,mobius,forced-by-method,inf,0.6521318749873899,1,False,0.07394416179445945,nan
python,ip,10.0,1200.0,relative non-periodic,True,False,4,32,,mobius,forced-by-method,inf,1.2608660419937223,1,False,0.14197074271955903,nan
python,ip,10.0,1200.0,relative non-periodic,True,False,4,48,,mobius,forced-by-method,inf,3.183481500018388,1,False,0.4155399962792057,nan
python,ip,10.0,1200.0,relative periodic,True,True,2,6,,centres,forced-by-method,inf,0.00010724028398233528,1398,False,0.41899604062362916,nan
python,ip,10.0,1200.0,relative periodic,True,True,2,6,,bulger,forced-by-method,inf,9.71954331850249e-05,2978,False,0.41899604062362905,1.1102230246251565e-16
python,ip,10.0,1200.0,relative periodic,True,True,2,6,,mobius,forced-by-method,inf,0.00034853480553017957,504,False,0.418996040623629,1.6653345369377348e-16
python,ip,10.0,1200.0,relative periodic,True,True,2,9,,centres,forced-by-method,inf,0.00023140856110710962,1244,False,0.8238490444338311,nan
python,ip,10.0,1200.0,relative periodic,True,True,2,9,,bulger,forced-by-method,inf,0.00016376499425391038,1734,False,0.8238490444338313,2.220446049250313e-16
python,ip,10.0,1200.0,relative periodic,True,True,2,9,,mobius,forced-by-method,inf,0.0004351981791618074,357,False,0.823849044433832,8.881784197001252e-16
python,ip,10.0,1200.0,relative periodic,True,True,2,14,,centres,forced-by-method,inf,0.0011306366759127231,182,False,0.7994206089725926,nan
python,ip,10.0,1200.0,relative periodic,True,True,2,14,,bulger,forced-by-method,inf,0.0006415794841176978,314,False,0.7994206089725927,1.1102230246251565e-16
python,ip,10.0,1200.0,relative periodic,True,True,2,14,,mobius,forced-by-method,inf,0.0005078782463291039,552,False,0.7994206089725922,4.440892098500626e-16
python,ip,10.0,1200.0,relative periodic,True,True,2,21,,centres,forced-by-method,inf,0.006564760974326514,38,False,0.9605204945900689,nan
python,ip,10.0,1200.0,relative periodic,True,True,2,21,,bulger,forced-by-method,inf,0.003177989337208876,86,False,0.9605204945900689,0.0
python,ip,10.0,1200.0,relative periodic,True,True,2,21,,mobius,forced-by-method,inf,0.0006283053302552638,430,False,0.9605204945900694,4.440892098500626e-16
python,ip,10.0,1200.0,relative periodic,True,True,2,32,,centres,forced-by-method,inf,0.036109402833972126,6,False,0.9578685301248032,nan
python,ip,10.0,1200.0,relative periodic,True,True,2,32,,bulger,forced-by-method,inf,0.01907023214153014,14,False,0.9578685301248032,0.0
python,ip,10.0,1200.0,relative periodic,True,True,2,32,,mobius,forced-by-method,inf,0.0008215575223552313,268,False,0.9578685301248024,7.771561172376096e-16
python,ip,10.0,1200.0,relative periodic,True,True,2,48,,centres,forced-by-method,inf,0.1761533329845406,1,False,0.9757391548961697,nan
python,ip,10.0,1200.0,relative periodic,True,True,2,48,,bulger,forced-by-method,inf,0.08758060398395173,2,False,0.9757391548961697,0.0
python,ip,10.0,1200.0,relative periodic,True,True,2,48,,mobius,forced-by-method,inf,0.0011046855263166914,190,False,0.9757391548961702,5.551115123125783e-16
python,ip,10.0,1200.0,relative periodic,True,True,3,6,,centres,forced-by-method,inf,0.00061052636517776,482,False,0.10117688321347848,nan
python,ip,10.0,1200.0,relative periodic,True,True,3,6,,bulger,forced-by-method,inf,0.00016466153769680378,1698,False,0.10117688321347844,4.163336342344337e-17
python,ip,10.0,1200.0,relative periodic,True,True,3,6,,mobius,forced-by-method,inf,0.004607551080557788,62,False,0.10117688321347912,6.38378239159465e-16
python,ip,10.0,1200.0,relative periodic,True,True,3,9,,centres,forced-by-method,inf,0.01149234300156912,13,False,0.4008685141432219,nan
python,ip,10.0,1200.0,relative periodic,True,True,3,9,,bulger,forced-by-method,inf,0.0016644338557506267,97,False,0.4008685141432219,0.0
python,ip,10.0,1200.0,relative periodic,True,True,3,9,,mobius,forced-by-method,inf,0.0048190040738185546,41,False,0.4008685141432228,8.881784197001252e-16
python,ip,10.0,1200.0,relative periodic,True,True,3,14,,centres,forced-by-method,inf,0.20873095898423344,1,False,0.5867355813061675,nan
python,ip,10.0,1200.0,relative periodic,True,True,3,14,,bulger,forced-by-method,inf,0.03736243750123928,6,False,0.5867355813061675,0.0
python,ip,10.0,1200.0,relative periodic,True,True,3,14,,mobius,forced-by-method,inf,0.005065767124636166,56,False,0.5867355813061679,3.3306690738754696e-16
python,ip,10.0,1200.0,relative periodic,True,True,3,21,,centres,forced-by-method,inf,2.553735916968435,1,False,0.8165307468464731,nan
python,ip,10.0,1200.0,relative periodic,True,True,3,21,,bulger,forced-by-method,inf,0.4750179160037078,1,False,0.8165307468464733,2.220446049250313e-16
python,ip,10.0,1200.0,relative periodic,True,True,3,21,,mobius,forced-by-method,inf,0.0053067376666823055,54,False,0.8165307468464763,3.219646771412954e-15
python,ip,10.0,1200.0,relative periodic,True,True,3,32,,bulger,forced-by-method,inf,7.188127583009191,1,False,0.9249271925658625,nan
python,ip,10.0,1200.0,relative periodic,True,True,3,32,,mobius,forced-by-method,inf,0.006034749000155855,42,False,0.9249271925658636,nan
python,ip,10.0,1200.0,relative periodic,True,True,3,48,,mobius,forced-by-method,inf,0.006452789600007236,40,False,0.9647861432114746,nan
python,ip,10.0,1200.0,relative periodic,True,True,4,6,,centres,forced-by-method,inf,0.007887766193663184,36,False,2.3025937719483497e-08,nan
python,ip,10.0,1200.0,relative periodic,True,True,4,6,,bulger,forced-by-method,inf,0.00038078255254896993,704,False,2.302593770450039e-08,1.4983106246977215e-17
python,ip,10.0,1200.0,relative periodic,True,True,4,6,,mobius,forced-by-method,inf,0.022627493080411416,12,False,2.3025928004456704e-08,9.715026792747208e-15
python,ip,10.0,1200.0,relative periodic,True,True,4,9,,centres,forced-by-method,inf,0.48174741596449167,1,False,0.08549152213274969,nan
python,ip,10.0,1200.0,relative periodic,True,True,4,9,,bulger,forced-by-method,inf,0.02436181250377558,10,False,0.0854915221327497,1.3877787807814457e-17
python,ip,10.0,1200.0,relative periodic,True,True,4,9,,mobius,forced-by-method,inf,0.0553993020002963,4,False,0.08549152213272665,2.3037127760971998e-14
python,ip,10.0,1200.0,relative periodic,True,True,4,14,,bulger,forced-by-method,inf,1.493902624992188,1,False,0.16062912351681713,nan
python,ip,10.0,1200.0,relative periodic,True,True,4,14,,mobius,forced-by-method,inf,0.11623777099885046,2,False,0.16062912351673908,nan
python,ip,10.0,1200.0,relative periodic,True,True,4,21,,mobius,forced-by-method,inf,0.2385178339900449,1,False,0.5113331626401333,nan
python,ip,10.0,1200.0,relative periodic,True,True,4,32,,mobius,forced-by-method,inf,0.494938625022769,1,False,0.8729311177843636,nan
python,ip,10.0,1200.0,relative periodic,True,True,4,48,,mobius,forced-by-method,inf,1.1549057910451666,1,False,0.9592817917418408,nan
python,eval,10.0,1200.0,absolute non-periodic,False,False,2,6,64,centres,forced-by-method,inf,7.097457991886062e-05,3116,False,0.0,nan
python,eval,10.0,1200.0,absolute non-periodic,False,False,2,6,64,mobius,forced-by-method,inf,9.34746871133695e-05,2902,False,-1.8267236711201934e-18,1.8267236711201934e-18
python,eval,10.0,1200.0,absolute non-periodic,False,False,2,9,64,centres,forced-by-method,inf,9.709593464778227e-05,2632,False,0.4711402430484798,nan
python,eval,10.0,1200.0,absolute non-periodic,False,False,2,9,64,mobius,forced-by-method,inf,0.00010297983625972132,2614,False,0.4711402430485482,6.838973831690964e-14
python,eval,10.0,1200.0,absolute non-periodic,False,False,2,14,64,centres,forced-by-method,inf,0.00010338613702004703,2372,False,0.4061253064028215,nan
python,eval,10.0,1200.0,absolute non-periodic,False,False,2,14,64,mobius,forced-by-method,inf,0.00010263542948434881,1602,False,0.4061253064027529,6.861178292183467e-14
python,eval,10.0,1200.0,absolute non-periodic,False,False,2,21,64,centres,forced-by-method,inf,0.00011289476089143384,2526,False,0.49710058014693587,nan
python,eval,10.0,1200.0,absolute non-periodic,False,False,2,21,64,mobius,forced-by-method,inf,0.00010341663742004786,2838,False,0.497100580148229,1.293132267932151e-12
python,eval,10.0,1200.0,absolute non-periodic,False,False,2,32,64,centres,forced-by-method,inf,0.00012898829405865695,1374,False,1.550011311610609,nan
python,eval,10.0,1200.0,absolute non-periodic,False,False,2,32,64,mobius,forced-by-method,inf,0.00010407685061755014,1774,False,1.5500113116109253,2.041362921986588e-13
python,eval,10.0,1200.0,absolute non-periodic,False,False,2,48,64,centres,forced-by-method,inf,0.00020743363551235339,1380,False,3.340320239240638,nan
python,eval,10.0,1200.0,absolute non-periodic,False,False,2,48,64,mobius,forced-by-method,inf,0.00010620336237811735,2456,False,3.3403202392447597,1.2338912623405836e-12
python,eval,10.0,1200.0,absolute non-periodic,False,False,3,6,64,centres,forced-by-method,inf,0.0001484112672020741,1744,False,0.0,nan
python,eval,10.0,1200.0,absolute non-periodic,False,False,3,6,64,mobius,forced-by-method,inf,0.00019229725921832141,1408,False,2.5946723846049057e-103,2.5946723846049057e-103
python,eval,10.0,1200.0,absolute non-periodic,False,False,3,9,64,centres,forced-by-method,inf,0.00018087727942175288,1700,False,3.104214560649068e-07,nan
python,eval,10.0,1200.0,absolute non-periodic,False,False,3,9,64,mobius,forced-by-method,inf,0.00021261453706150252,1350,False,3.1042145644365816e-07,3.7875136469991163e-16
python,eval,10.0,1200.0,absolute non-periodic,False,False,3,14,64,centres,forced-by-method,inf,0.0002515301282485772,585,False,2.6433244020687456e-07,nan
python,eval,10.0,1200.0,absolute non-periodic,False,False,3,14,64,mobius,forced-by-method,inf,0.00020061990132824958,760,False,2.643324931361741e-07,5.2929299516820153e-14
python,eval,10.0,1200.0,absolute non-periodic,False,False,3,21,64,centres,forced-by-method,inf,0.0005305038919440392,546,False,0.010825172457561155,nan
python,eval,10.0,1200.0,absolute non-periodic,False,False,3,21,64,mobius,forced-by-method,inf,0.00020795343462205547,757,False,0.010825172458423687,8.625322678312841e-13
python,eval,10.0,1200.0,absolute non-periodic,False,False,3,32,64,centres,forced-by-method,inf,0.0017396832754720758,138,False,0.755798390670891,nan
python,eval,10.0,1200.0,absolute non-periodic,False,False,3,32,64,mobius,forced-by-method,inf,0.00021535001346646937,1264,False,0.7557983906729372,2.0461410343841635e-12
python,eval,10.0,1200.0,absolute non-periodic,False,False,3,48,64,centres,forced-by-method,inf,0.0067139345240624,42,False,1.1532186032250484,nan
python,eval,10.0,1200.0,absolute non-periodic,False,False,3,48,64,mobius,forced-by-method,inf,0.00022816677049447136,806,False,1.1532186032323979,6.372993253716511e-12
python,eval,10.0,1200.0,absolute non-periodic,False,False,4,6,64,centres,forced-by-method,inf,0.00021255058042394617,1206,False,0.0,nan
python,eval,10.0,1200.0,absolute non-periodic,False,False,4,6,64,mobius,forced-by-method,inf,0.00039945064106574046,390,False,6.617444900424222e-24,6.617444900424222e-24
python,eval,10.0,1200.0,absolute non-periodic,False,False,4,9,64,centres,forced-by-method,inf,0.00038582097791496677,634,False,0.0,nan
python,eval,10.0,1200.0,absolute non-periodic,False,False,4,9,64,mobius,forced-by-method,inf,0.00041326007179308746,724,False,-1.3619295664822566e-35,1.3619295664822566e-35
python,eval,10.0,1200.0,absolute non-periodic,False,False,4,14,64,centres,forced-by-method,inf,0.001863337757337528,132,False,4.2944505833885086e-08,nan
python,eval,10.0,1200.0,absolute non-periodic,False,False,4,14,64,mobius,forced-by-method,inf,0.000460898892698799,354,False,4.294455693322038e-08,5.1099335292294603e-14
python,eval,10.0,1200.0,absolute non-periodic,False,False,4,21,64,centres,forced-by-method,inf,0.01122489581889981,22,False,0.2804405511095717,nan
python,eval,10.0,1200.0,absolute non-periodic,False,False,4,21,64,mobius,forced-by-method,inf,0.0004365570319557219,564,False,0.28044055110964683,7.510658761589184e-14
python,eval,10.0,1200.0,absolute non-periodic,False,False,4,32,64,centres,forced-by-method,inf,0.0716839062370127,4,False,0.0100367738199797,nan
python,eval,10.0,1200.0,absolute non-periodic,False,False,4,32,64,mobius,forced-by-method,inf,0.00045244217319300443,410,False,0.010036773820219539,2.398393983416014e-13
python,eval,10.0,1200.0,absolute non-periodic,False,False,4,48,64,centres,forced-by-method,inf,0.4550834589754231,1,False,0.44639689747855804,nan
python,eval,10.0,1200.0,absolute non-periodic,False,False,4,48,64,mobius,forced-by-method,inf,0.00045956919636828676,504,False,0.44639689748677214,8.214096069991683e-12
python,eval,10.0,1200.0,absolute periodic,False,True,2,6,64,centres,forced-by-method,inf,5.4669648289016566e-05,4444,False,0.9431463893933743,nan
python,eval,10.0,1200.0,absolute periodic,False,True,2,6,64,mobius,forced-by-method,inf,0.00013254517709324935,1282,False,0.9431463893937471,3.7281289166912757e-13
python,eval,10.0,1200.0,absolute periodic,False,True,2,9,64,centres,forced-by-method,inf,9.700239842780474e-05,1546,False,1.0782370223025382,nan
python,eval,10.0,1200.0,absolute periodic,False,True,2,9,64,mobius,forced-by-method,inf,0.00013382493751123547,2000,False,1.0782370223042654,1.601952952814828e-12
python,eval,10.0,1200.0,absolute periodic,False,True,2,14,64,centres,forced-by-method,inf,0.000183248444560311,857,False,2.8408318298674153,nan
python,eval,10.0,1200.0,absolute periodic,False,True,2,14,64,mobius,forced-by-method,inf,0.0001334570873952398,2174,False,2.84083182986957,7.584823654602134e-13
python,eval,10.0,1200.0,absolute periodic,False,True,2,21,64,centres,forced-by-method,inf,0.0003929287367883011,718,False,5.613737297647682,nan
python,eval,10.0,1200.0,absolute periodic,False,True,2,21,64,mobius,forced-by-method,inf,0.0001364949101484911,1580,False,5.613737297651918,7.545281617158658e-13
python,eval,10.0,1200.0,absolute periodic,False,True,2,32,64,centres,forced-by-method,inf,0.0009892742346725141,196,False,17.149721721205594,nan
python,eval,10.0,1200.0,absolute periodic,False,True,2,32,64,mobius,forced-by-method,inf,0.00014494114127852463,1968,False,17.149721721215105,5.545637808448569e-13
python,eval,10.0,1200.0,absolute periodic,False,True,2,48,64,centres,forced-by-method,inf,0.0028132777737309446,84,False,26.186832513583614,nan
python,eval,10.0,1200.0,absolute periodic,False,True,2,48,64,mobius,forced-by-method,inf,0.0001577768140986475,1888,False,26.1868325136043,7.899944271963529e-13
python,eval,10.0,1200.0,absolute periodic,False,True,3,6,64,centres,forced-by-method,inf,0.00018670030995883953,997,False,0.0014082511786165804,nan
python,eval,10.0,1200.0,absolute periodic,False,True,3,6,64,mobius,forced-by-method,inf,0.00030882216664031146,750,False,0.0014082511786166778,9.73613550891983e-17
python,eval,10.0,1200.0,absolute periodic,False,True,3,9,64,centres,forced-by-method,inf,0.0007587006980654701,202,False,0.35918956678478836,nan
python,eval,10.0,1200.0,absolute periodic,False,True,3,9,64,mobius,forced-by-method,inf,0.0003179871941135977,680,False,0.3591895667853442,5.558331572785846e-13
python,eval,10.0,1200.0,absolute periodic,False,True,3,14,64,centres,forced-by-method,inf,0.00406265991890954,37,False,0.017656751409244886,nan
python,eval,10.0,1200.0,absolute periodic,False,True,3,14,64,mobius,forced-by-method,inf,0.000316581967216153,488,False,0.01765675141132959,2.084703937255128e-12
python,eval,10.0,1200.0,absolute periodic,False,True,3,21,64,centres,forced-by-method,inf,0.013575185398804025,20,False,2.3378663909831974,nan
python,eval,10.0,1200.0,absolute periodic,False,True,3,21,64,mobius,forced-by-method,inf,0.0003496762341362483,662,False,2.337866390996344,5.623425281746882e-12
python,eval,10.0,1200.0,absolute periodic,False,True,3,32,64,centres,forced-by-method,inf,0.05088319799688179,4,False,5.7845314100139085,nan
python,eval,10.0,1200.0,absolute periodic,False,True,3,32,64,mobius,forced-by-method,inf,0.0003611551429911413,734,False,5.7845314100425895,4.958233519020253e-12
python,eval,10.0,1200.0,absolute periodic,False,True,3,48,64,centres,forced-by-method,inf,0.1689485419774428,1,False,11.012619260101022,nan
python,eval,10.0,1200.0,absolute periodic,False,True,3,48,64,mobius,forced-by-method,inf,0.0004058513461719625,650,False,11.012619260209995,9.895228745867686e-12
python,eval,10.0,1200.0,absolute periodic,False,True,4,6,64,centres,forced-by-method,inf,0.00069176796461559,225,False,8.528204239042106e-11,nan
python,eval,10.0,1200.0,absolute periodic,False,True,4,6,64,mobius,forced-by-method,inf,0.0006891309360155922,344,False,8.528206543808771e-11,2.3047666651504638e-17
python,eval,10.0,1200.0,absolute periodic,False,True,4,9,64,centres,forced-by-method,inf,0.007293514549382962,20,False,1.792825775420143e-05,nan
python,eval,10.0,1200.0,absolute periodic,False,True,4,9,64,mobius,forced-by-method,inf,0.000692819693418623,388,False,1.7928258316741568e-05,5.625401369496654e-13
python,eval,10.0,1200.0,absolute periodic,False,True,4,14,64,centres,forced-by-method,inf,0.05091483334156995,3,False,0.016173403719051092,nan
python,eval,10.0,1200.0,absolute periodic,False,True,4,14,64,mobius,forced-by-method,inf,0.0007202544138053423,406,False,0.016173403721062976,2.0118837151805735e-12
python,eval,10.0,1200.0,absolute periodic,False,True,4,21,64,centres,forced-by-method,inf,0.3195825419970788,1,False,0.2824478888285953,nan
python,eval,10.0,1200.0,absolute periodic,False,True,4,21,64,mobius,forced-by-method,inf,0.0008325777499534972,276,False,0.28244788884218375,1.3588463687597141e-11
python,eval,10.0,1200.0,absolute periodic,False,True,4,32,64,centres,forced-by-method,inf,2.2715370840160176,1,False,3.2547445138945763,nan
python,eval,10.0,1200.0,absolute periodic,False,True,4,32,64,mobius,forced-by-method,inf,0.0009701803015452563,272,False,3.254744513956737,1.909842652932612e-11
python,eval,10.0,1200.0,absolute periodic,False,True,4,48,64,centres,forced-by-method,inf,12.102895874995738,1,False,20.270074513778546,nan
python,eval,10.0,1200.0,absolute periodic,False,True,4,48,64,mobius,forced-by-method,inf,0.0009835660461739288,282,False,20.27007451434001,2.7699146541795866e-11
python,eval,10.0,1200.0,relative non-periodic,True,False,2,6,64,centres,forced-by-method,inf,8.482608421888428e-05,2874,False,3.9379085509455254,nan
python,eval,10.0,1200.0,relative non-periodic,True,False,2,6,64,mobius,forced-by-method,inf,0.0008045188608852711,201,False,3.9379085509458793,8.987996944863438e-14
python,eval,10.0,1200.0,relative non-periodic,True,False,2,9,64,centres,forced-by-method,inf,8.9831883514184e-05,2730,False,18.264345285516253,nan
python,eval,10.0,1200.0,relative non-periodic,True,False,2,9,64,mobius,forced-by-method,inf,0.0010593651947120258,272,False,18.264345285518033,9.745268857189922e-14
python,eval,10.0,1200.0,relative non-periodic,True,False,2,14,64,centres,forced-by-method,inf,0.00010438994062280895,2206,False,33.89989578260557,nan
python,eval,10.0,1200.0,relative non-periodic,True,False,2,14,64,mobius,forced-by-method,inf,0.001197513781971109,133,False,33.899895782608866,9.725452594513733e-14
python,eval,10.0,1200.0,relative non-periodic,True,False,2,21,64,centres,forced-by-method,inf,0.00012416215404769215,1902,False,97.83515254947741,nan
python,eval,10.0,1200.0,relative non-periodic,True,False,2,21,64,mobius,forced-by-method,inf,0.0017547824095850552,144,False,97.83515254948786,1.0676099483149693e-13
python,eval,10.0,1200.0,relative non-periodic,True,False,2,32,64,centres,forced-by-method,inf,0.00019872573236686292,1274,False,261.0511527121279,nan
python,eval,10.0,1200.0,relative non-periodic,True,False,2,32,64,mobius,forced-by-method,inf,0.0023973612180505427,124,False,261.0511527121583,1.1649528751197677e-13
python,eval,10.0,1200.0,relative non-periodic,True,False,2,48,64,centres,forced-by-method,inf,0.0003247358208980912,670,False,581.7566891206263,nan
python,eval,10.0,1200.0,relative non-periodic,True,False,2,48,64,mobius,forced-by-method,inf,0.0036124635371379554,80,False,581.7566891206877,1.055267494430878e-13
python,eval,10.0,1200.0,relative non-periodic,True,False,3,6,64,centres,forced-by-method,inf,0.00011311215611924818,1768,False,0.6733757811199418,nan
python,eval,10.0,1200.0,relative non-periodic,True,False,3,6,64,mobius,forced-by-method,inf,0.016174613443177402,18,False,0.6733757811198517,9.00390872971002e-14
python,eval,10.0,1200.0,relative non-periodic,True,False,3,9,64,centres,forced-by-method,inf,0.0001290529024329672,1958,False,0.5383630924107323,nan
python,eval,10.0,1200.0,relative non-periodic,True,False,3,9,64,mobius,forced-by-method,inf,0.02023267557212551,14,False,0.5383630924112086,4.762856775641922e-13
python,eval,10.0,1200.0,relative non-periodic,True,False,3,14,64,centres,forced-by-method,inf,0.0002708304920758345,1012,False,2.429382096607517,nan
python,eval,10.0,1200.0,relative non-periodic,True,False,3,14,64,mobius,forced-by-method,inf,0.017239148224083085,9,False,2.4293820966111577,1.4985881996227553e-12
python,eval,10.0,1200.0,relative non-periodic,True,False,3,21,64,centres,forced-by-method,inf,0.0005945385743548432,310,False,14.550480362078469,nan
python,eval,10.0,1200.0,relative non-periodic,True,False,3,21,64,mobius,forced-by-method,inf,0.01556693055641113,18,False,14.550480362096213,1.2194805963254431e-12
python,eval,10.0,1200.0,relative non-periodic,True,False,3,32,64,centres,forced-by-method,inf,0.0024044729167750725,120,False,50.16005941178835,nan
python,eval,10.0,1200.0,relative non-periodic,True,False,3,32,64,mobius,forced-by-method,inf,0.028761015622876585,8,False,50.16005941184234,1.076295317352927e-12
python,eval,10.0,1200.0,relative non-periodic,True,False,3,48,64,centres,forced-by-method,inf,0.00839969531261886,32,False,170.88267880263308,nan
python,eval,10.0,1200.0,relative non-periodic,True,False,3,48,64,mobius,forced-by-method,inf,0.030280999999376945,8,False,170.88267880277994,8.593906278617787e-13
python,eval,10.0,1200.0,relative non-periodic,True,False,4,6,64,centres,forced-by-method,inf,0.0001993112307387398,1248,False,0.0,nan
python,eval,10.0,1200.0,relative non-periodic,True,False,4,6,64,mobius,forced-by-method,inf,0.061878635504399426,4,False,4.789830999378882e-15,4.789830999378882e-15
python,eval,10.0,1200.0,relative non-periodic,True,False,4,9,64,centres,forced-by-method,inf,0.00047348785713048917,350,False,0.05136360865389974,nan
python,eval,10.0,1200.0,relative non-periodic,True,False,4,9,64,mobius,forced-by-method,inf,0.10239202101365663,2,False,0.05136360865405052,1.5078216453190407e-13
python,eval,10.0,1200.0,relative non-periodic,True,False,4,14,64,centres,forced-by-method,inf,0.0017959891305561514,138,False,0.4472383711441098,nan
python,eval,10.0,1200.0,relative non-periodic,True,False,4,14,64,mobius,forced-by-method,inf,0.18051325000124052,1,False,0.4472383711463517,2.2418733536255786e-12
python,eval,10.0,1200.0,relative non-periodic,True,False,4,21,64,centres,forced-by-method,inf,0.011898145820437507,22,False,0.19650571951426615,nan
python,eval,10.0,1200.0,relative non-periodic,True,False,4,21,64,mobius,forced-by-method,inf,0.1082047290110495,2,False,0.19650571951951443,5.248274037583656e-12
python,eval,10.0,1200.0,relative non-periodic,True,False,4,32,64,centres,forced-by-method,inf,0.07820289599476382,2,False,4.846495562849317,nan
python,eval,10.0,1200.0,relative non-periodic,True,False,4,32,64,mobius,forced-by-method,inf,0.10610729199834168,2,False,4.846495562884104,7.177639086813428e-12
python,eval,10.0,1200.0,relative non-periodic,True,False,4,48,64,centres,forced-by-method,inf,0.4788477090187371,1,False,27.828052297469227,nan
python,eval,10.0,1200.0,relative non-periodic,True,False,4,48,64,mobius,forced-by-method,inf,0.10670431249309331,2,False,27.828052297655137,6.680667123615355e-12
python,eval,10.0,1200.0,relative periodic,True,True,2,6,64,centres,forced-by-method,inf,3.881367897380468e-05,6962,False,23.827522307246596,nan
python,eval,10.0,1200.0,relative periodic,True,True,2,6,64,mobius,forced-by-method,inf,0.005240063320379704,50,False,23.827522307244294,9.661761865867924e-14
python,eval,10.0,1200.0,relative periodic,True,True,2,9,64,centres,forced-by-method,inf,0.00021325466277207747,688,False,67.2374473937312,nan
python,eval,10.0,1200.0,relative periodic,True,True,2,9,64,mobius,forced-by-method,inf,0.005346351851821291,54,False,67.23744739372562,8.306183710946595e-14
python,eval,10.0,1200.0,relative periodic,True,True,2,14,64,centres,forced-by-method,inf,0.000272265316208957,1012,False,176.47043449254488,nan
python,eval,10.0,1200.0,relative periodic,True,True,2,14,64,mobius,forced-by-method,inf,0.006445257928654817,42,False,176.47043449252817,9.470121832665157e-14
python,eval,10.0,1200.0,relative periodic,True,True,2,21,64,centres,forced-by-method,inf,0.0003874499377718112,402,False,425.5541670617521,nan
python,eval,10.0,1200.0,relative periodic,True,True,2,21,64,mobius,forced-by-method,inf,0.008383105190226897,21,False,425.5541670617128,9.230035909181591e-14
python,eval,10.0,1200.0,relative periodic,True,True,2,32,64,centres,forced-by-method,inf,0.0006820758421223186,228,False,845.8933638588675,nan
python,eval,10.0,1200.0,relative periodic,True,True,2,32,64,mobius,forced-by-method,inf,0.009644654166186229,30,False,845.8933638587796,1.0389007564489117e-13
python,eval,10.0,1200.0,relative periodic,True,True,2,48,64,centres,forced-by-method,inf,0.0014039684209580484,190,False,2098.404825800145,nan
python,eval,10.0,1200.0,relative periodic,True,True,2,48,64,mobius,forced-by-method,inf,0.014633590277905265,18,False,2098.4048257999166,1.087889082879697e-13
python,eval,10.0,1200.0,relative periodic,True,True,3,6,64,centres,forced-by-method,inf,0.0002919061046478144,860,False,0.6370479863902563,nan
python,eval,10.0,1200.0,relative periodic,True,True,3,6,64,mobius,forced-by-method,inf,0.01920593750297225,14,False,0.6370479863906974,4.410916076835747e-13
python,eval,10.0,1200.0,relative periodic,True,True,3,9,64,centres,forced-by-method,inf,0.0006427278513820875,444,False,7.435506635035762,nan
python,eval,10.0,1200.0,relative periodic,True,True,3,9,64,mobius,forced-by-method,inf,0.02130974999939402,12,False,7.435506635040934,6.955629510898762e-13
python,eval,10.0,1200.0,relative periodic,True,True,3,14,64,centres,forced-by-method,inf,0.003299390085962938,47,False,39.88464518679582,nan
python,eval,10.0,1200.0,relative periodic,True,True,3,14,64,mobius,forced-by-method,inf,0.03133991662616609,8,False,39.88464518681905,5.823705318980097e-13
python,eval,10.0,1200.0,relative periodic,True,True,3,21,64,centres,forced-by-method,inf,0.012642051267903298,26,False,109.19884334016126,nan
python,eval,10.0,1200.0,relative periodic,True,True,3,21,64,mobius,forced-by-method,inf,0.03751502083226418,6,False,109.19884334022495,5.832758744076393e-13
python,eval,10.0,1200.0,relative periodic,True,True,3,32,64,centres,forced-by-method,inf,0.04120040966275459,6,False,424.971642428595,nan
python,eval,10.0,1200.0,relative periodic,True,True,3,32,64,mobius,forced-by-method,inf,0.05443393750465475,4,False,424.97164242887584,6.60898997839471e-13
python,eval,10.0,1200.0,relative periodic,True,True,3,48,64,centres,forced-by-method,inf,0.1457573749939911,2,False,1907.4690054465177,nan
python,eval,10.0,1200.0,relative periodic,True,True,3,48,64,mobius,forced-by-method,inf,0.07011001049249899,4,False,1907.469005447747,6.444047509743805e-13
python,eval,10.0,1200.0,relative periodic,True,True,4,6,64,centres,forced-by-method,inf,0.0006632600340770353,382,False,0.0031477097169292085,nan
python,eval,10.0,1200.0,relative periodic,True,True,4,6,64,mobius,forced-by-method,inf,0.05640054174000397,4,False,0.0031477097172089488,2.7974020669341293e-13
python,eval,10.0,1200.0,relative periodic,True,True,4,9,64,centres,forced-by-method,inf,0.006200134453882294,44,False,1.46934333829109,nan
python,eval,10.0,1200.0,relative periodic,True,True,4,9,64,mobius,forced-by-method,inf,0.07286697924428154,4,False,1.4693433382986134,5.1201887999981355e-12
python,eval,10.0,1200.0,relative periodic,True,True,4,14,64,centres,forced-by-method,inf,0.045831354247638956,4,False,5.6001690254586345,nan
python,eval,10.0,1200.0,relative periodic,True,True,4,14,64,mobius,forced-by-method,inf,0.09866277049877681,2,False,5.600169025489435,5.49987886050252e-12
python,eval,10.0,1200.0,relative periodic,True,True,4,21,64,centres,forced-by-method,inf,0.28082862502196804,1,False,45.506308660673156,nan
python,eval,10.0,1200.0,relative periodic,True,True,4,21,64,mobius,forced-by-method,inf,0.12219824999920093,2,False,45.50630866092206,5.469639873292267e-12
python,eval,10.0,1200.0,relative periodic,True,True,4,32,64,centres,forced-by-method,inf,1.7029007090022787,1,False,276.76762588516175,nan
python,eval,10.0,1200.0,relative periodic,True,True,4,32,64,mobius,forced-by-method,inf,0.1678450409672223,1,False,276.76762588662206,5.276294240931482e-12
python,eval,10.0,1200.0,relative periodic,True,True,4,48,64,centres,forced-by-method,inf,10.244749707984738,1,False,1328.820606406419,nan
python,eval,10.0,1200.0,relative periodic,True,True,4,48,64,mobius,forced-by-method,inf,0.2286290000192821,1,False,1328.8206064140518,5.7439709123681345e-12
