0,0,2,6,1,15,3600,30,0.0701,0.0937
0,0,2,6,200,15,3600,30,0.1398,0.1299
0,0,2,12,1,15,3600,132,0.0815,0.1068
0,0,2,12,200,15,3600,132,0.1367,0.1604
0,0,2,24,1,15,3600,552,0.0775,0.0847
0,0,2,24,200,15,3600,552,0.1313,0.1247
0,0,2,48,1,15,3600,2256,0.1067,0.0917
0,0,2,48,200,15,3600,2256,0.2190,0.1465
0,0,3,6,1,15,3600,120,0.0689,0.1747
0,0,3,6,200,15,3600,120,0.1828,0.3074
0,0,3,12,1,15,3600,1320,0.1145,0.1685
0,0,3,12,200,15,3600,1320,0.2282,0.3010
0,0,3,24,1,15,3600,12144,0.3334,0.1904
0,0,3,24,200,15,3600,12144,0.5066,0.2960
0,0,3,48,1,15,3600,103776,3.5100,0.1987
0,0,3,48,200,15,3600,103776,-1.0000,0.3265
0,0,4,6,1,15,3600,360,0.0755,0.3843
0,0,4,6,200,15,3600,360,0.3745,0.5272
0,0,4,12,1,15,3600,11880,0.4292,0.3583
0,0,4,12,200,15,3600,11880,0.8666,0.5879
0,0,4,24,1,15,3600,255024,10.7759,0.3414
0,0,4,24,200,15,3600,255024,-1.0000,0.5665
0,0,4,48,1,15,3600,4669920,-1.0000,0.4128
0,0,4,48,200,15,3600,4669920,-1.0000,0.7115
1,0,2,6,1,15,3600,30,0.0815,0.2794
1,0,2,6,200,15,3600,30,0.1217,1.1498
1,0,2,12,1,15,3600,132,0.1083,0.3664
1,0,2,12,200,15,3600,132,0.1251,2.0885
1,0,2,24,1,15,3600,552,0.0876,0.2640
1,0,2,24,200,15,3600,552,0.2345,3.1117
1,0,2,48,1,15,3600,2256,0.1368,0.4015
1,0,2,48,200,15,3600,2256,0.5849,4.7352
1,0,3,6,1,15,3600,120,0.1229,0.5430
1,0,3,6,200,15,3600,120,0.1435,75.2743
1,0,3,12,1,15,3600,1320,0.1064,0.6594
1,0,3,12,200,15,3600,1320,0.1794,58.5433
1,0,3,24,1,15,3600,12144,0.3762,0.8014
1,0,3,24,200,15,3600,12144,0.6686,59.2201
1,0,3,48,1,15,3600,103776,3.3588,0.8331
1,0,3,48,200,15,3600,103776,-1.0000,51.2634
1,0,4,6,1,15,3600,360,0.0925,1.2791
1,0,4,6,200,15,3600,360,0.2152,191.0360
1,0,4,12,1,15,3600,11880,0.4146,1.2733
1,0,4,12,200,15,3600,11880,0.5846,246.3972
1,0,4,24,1,15,3600,255024,10.4685,1.4716
1,0,4,24,200,15,3600,255024,-1.0000,326.1537
1,0,4,48,1,15,3600,4669920,-1.0000,1.8423
1,0,4,48,200,15,3600,4669920,-1.0000,167.2099
0,1,2,6,1,15,1200,30,0.0317,0.1340
0,1,2,6,200,15,1200,30,0.1123,0.1874
0,1,2,12,1,15,1200,132,0.0324,0.1405
0,1,2,12,200,15,1200,132,0.1221,0.1781
0,1,2,24,1,15,1200,552,0.0369,0.1342
0,1,2,24,200,15,1200,552,0.2634,0.2614
0,1,2,48,1,15,1200,2256,0.0555,0.1362
0,1,2,48,200,15,1200,2256,0.7955,0.1993
0,1,3,6,1,15,1200,120,0.0285,0.2632
0,1,3,6,200,15,1200,120,0.1188,0.3746
0,1,3,12,1,15,1200,1320,0.0516,0.2578
0,1,3,12,200,15,1200,1320,0.6123,0.4610
0,1,3,24,1,15,1200,12144,0.2258,0.2654
0,1,3,24,200,15,1200,12144,7.2224,0.5472
0,1,3,48,1,15,1200,103776,1.7160,0.2959
0,1,3,48,200,15,1200,103776,-1.0000,0.6433
0,1,4,6,1,15,1200,360,0.0370,0.6183
0,1,4,6,200,15,1200,360,0.2759,0.9860
0,1,4,12,1,15,1200,11880,0.2754,0.6528
0,1,4,12,200,15,1200,11880,8.9992,1.0535
0,1,4,24,1,15,1200,255024,5.2991,0.6510
0,1,4,24,200,15,1200,255024,-1.0000,1.4030
0,1,4,48,1,15,1200,4669920,-1.0000,0.6334
0,1,4,48,200,15,1200,4669920,-1.0000,1.9691
1,1,2,6,1,15,1200,30,0.0258,0.2185
1,1,2,6,200,15,1200,30,0.0593,7.4443
1,1,2,12,1,15,1200,132,0.0236,0.2093
1,1,2,12,200,15,1200,132,0.1607,8.5083
1,1,2,24,1,15,1200,552,0.0275,0.2439
1,1,2,24,200,15,1200,552,0.6096,14.0363
1,1,2,48,1,15,1200,2256,0.0367,0.2595
1,1,2,48,200,15,1200,2256,2.3716,22.0876
1,1,3,6,1,15,1200,120,0.0278,0.4248
1,1,3,6,200,15,1200,120,0.2259,22.6527
1,1,3,12,1,15,1200,1320,0.0383,0.4132
1,1,3,12,200,15,1200,1320,2.4514,34.6058
1,1,3,24,1,15,1200,12144,0.1527,0.4422
1,1,3,24,200,15,1200,12144,32.1118,48.9396
1,1,3,48,1,15,1200,103776,0.8855,0.7228
1,1,3,48,200,15,1200,103776,-1.0000,92.7506
1,1,4,6,1,15,1200,360,0.0397,0.9557
1,1,4,6,200,15,1200,360,1.0198,55.3022
1,1,4,12,1,15,1200,11880,0.1930,0.9399
1,1,4,12,200,15,1200,11880,44.2811,94.8050
1,1,4,24,1,15,1200,255024,3.1840,1.2443
1,1,4,24,200,15,1200,255024,-1.0000,164.1513
1,1,4,48,1,15,1200,4669920,-1.0000,1.0567
1,1,4,48,200,15,1200,4669920,-1.0000,316.1125
0,0,3,12,1,5,1200,1320,0.0919,0.1829
0,0,3,12,200,5,1200,1320,0.2523,0.2804
0,0,3,24,1,5,1200,12144,0.3361,0.2031
0,0,3,24,200,5,1200,12144,0.5069,0.3035
0,0,4,12,1,5,1200,11880,0.4216,0.3768
0,0,4,12,200,5,1200,11880,0.8403,0.5991
0,0,4,24,1,5,1200,255024,8.9013,0.3133
0,0,4,24,200,5,1200,255024,-1.0000,0.6250
0,0,3,12,1,5,3600,1320,0.0903,0.1702
0,0,3,12,200,5,3600,1320,0.2423,0.2337
0,0,3,24,1,5,3600,12144,0.3341,0.1882
0,0,3,24,200,5,3600,12144,0.4889,0.2923
0,0,4,12,1,5,3600,11880,0.4246,0.3585
0,0,4,12,200,5,3600,11880,0.8648,0.5348
0,0,4,24,1,5,3600,255024,8.3912,0.3710
0,0,4,24,200,5,3600,255024,-1.0000,0.6260
0,0,3,12,1,5,9600,1320,0.0935,0.1541
0,0,3,12,200,5,9600,1320,0.2356,0.2631
0,0,3,24,1,5,9600,12144,0.3237,0.1776
0,0,3,24,200,5,9600,12144,0.4950,0.2583
0,0,4,12,1,5,9600,11880,0.4317,0.3212
0,0,4,12,200,5,9600,11880,0.7784,0.5932
0,0,4,24,1,5,9600,255024,7.8155,0.3296
0,0,4,24,200,5,9600,255024,-1.0000,0.5621
0,0,3,12,1,15,1200,1320,0.0943,0.1925
0,0,3,12,200,15,1200,1320,0.3057,0.2942
0,0,3,24,1,15,1200,12144,0.3540,0.1980
0,0,3,24,200,15,1200,12144,1.0943,0.3192
0,0,4,12,1,15,1200,11880,0.4387,0.4066
0,0,4,12,200,15,1200,11880,0.9255,0.6165
0,0,4,24,1,15,1200,255024,8.4082,0.4004
0,0,4,24,200,15,1200,255024,-1.0000,0.6618
0,0,3,12,1,15,9600,1320,0.0901,0.1608
0,0,3,12,200,15,9600,1320,0.3190,0.3053
0,0,3,24,1,15,9600,12144,0.3131,0.1810
0,0,3,24,200,15,9600,12144,0.5195,0.2954
0,0,4,12,1,15,9600,11880,0.4169,0.3287
0,0,4,12,200,15,9600,11880,0.8216,0.5690
0,0,4,24,1,15,9600,255024,8.4613,0.3485
0,0,4,24,200,15,9600,255024,-1.0000,0.7083
0,0,3,12,1,60,1200,1320,0.1320,0.2067
0,0,3,12,200,60,1200,1320,4.1395,0.3627
0,0,3,24,1,60,1200,12144,0.3950,0.1970
0,0,3,24,200,60,1200,12144,24.1614,0.3623
0,0,4,12,1,60,1200,11880,0.5855,0.3986
0,0,4,12,200,60,1200,11880,30.3509,0.6507
0,0,4,24,1,60,1200,255024,9.0843,0.4197
0,0,4,24,200,60,1200,255024,-1.0000,0.8010
0,0,3,12,1,60,3600,1320,0.1056,0.2005
0,0,3,12,200,60,3600,1320,0.4279,0.2921
0,0,3,24,1,60,3600,12144,0.3206,0.2043
0,0,3,24,200,60,3600,12144,1.5634,0.3362
0,0,4,12,1,60,3600,11880,0.4491,0.4340
0,0,4,12,200,60,3600,11880,1.3484,0.6160
0,0,4,24,1,60,3600,255024,8.0337,0.4327
0,0,4,24,200,60,3600,255024,-1.0000,0.6914
0,0,3,12,1,60,9600,1320,0.0942,0.1851
0,0,3,12,200,60,9600,1320,0.2307,0.2805
0,0,3,24,1,60,9600,12144,0.3653,0.1954
0,0,3,24,200,60,9600,12144,0.6066,0.3247
0,0,4,12,1,60,9600,11880,0.4068,0.3431
0,0,4,12,200,60,9600,11880,0.9028,0.6839
0,0,4,24,1,60,9600,255024,8.2928,0.4142
0,0,4,24,200,60,9600,255024,-1.0000,0.6583
1,0,3,12,1,5,1200,1320,0.1298,0.6282
1,0,3,12,200,5,1200,1320,0.2040,37.8897
1,0,3,24,1,5,1200,12144,0.4010,0.8451
1,0,3,24,200,5,1200,12144,0.6736,57.3739
1,0,4,12,1,5,1200,11880,0.4619,1.3744
1,0,4,12,200,5,1200,11880,0.6307,275.4777
1,0,4,24,1,5,1200,255024,11.3743,1.5776
1,0,4,24,200,5,1200,255024,-1.0000,190.7552
1,0,3,12,1,5,3600,1320,0.1185,1.1790
1,0,3,12,200,5,3600,1320,0.1697,190.3980
1,0,3,24,1,5,3600,12144,0.3498,1.8057
1,0,3,24,200,5,3600,12144,0.4256,190.6158
1,0,4,12,1,5,3600,11880,0.4254,2.7192
1,0,4,12,200,5,3600,11880,0.5502,828.8660
1,0,4,24,1,5,3600,255024,12.7033,3.5296
1,0,4,24,200,5,3600,255024,-1.0000,904.4982
1,0,3,12,1,5,9600,1320,0.1023,2.5850
1,0,3,12,200,5,9600,1320,0.1578,498.9061
1,0,3,24,1,5,9600,12144,0.4302,3.1920
1,0,3,24,200,5,9600,12144,0.4702,494.4338
1,0,4,12,1,5,9600,11880,0.4584,5.7762
1,0,4,12,200,5,9600,11880,0.5808,2158.1275
1,0,4,24,1,5,9600,255024,13.8346,4.1731
1,0,4,24,200,5,9600,255024,-1.0000,1776.0556
1,0,3,12,1,15,1200,1320,0.1326,0.4222
1,0,3,12,200,15,1200,1320,0.3913,16.4277
1,0,3,24,1,15,1200,12144,0.3661,0.5235
1,0,3,24,200,15,1200,12144,2.9220,11.2524
1,0,4,12,1,15,1200,11880,0.5312,0.8915
1,0,4,12,200,15,1200,11880,1.1875,91.6498
1,0,4,24,1,15,1200,255024,7.7123,1.1342
1,0,4,24,200,15,1200,255024,-1.0000,73.4316
1,0,3,12,1,15,9600,1320,0.1094,1.2728
1,0,3,12,200,15,9600,1320,0.1835,139.4500
1,0,3,24,1,15,9600,12144,0.4082,0.9663
1,0,3,24,200,15,9600,12144,0.4799,162.7853
1,0,4,12,1,15,9600,11880,0.4403,2.3835
1,0,4,12,200,15,9600,11880,0.5660,657.6439
1,0,4,24,1,15,9600,255024,11.8867,3.1700
1,0,4,24,200,15,9600,255024,-1.0000,765.0887
1,0,3,12,1,60,1200,1320,0.1231,0.3998
1,0,3,12,200,60,1200,1320,3.4502,3.3793
1,0,3,24,1,60,1200,12144,0.6249,0.3757
1,0,3,24,200,60,1200,12144,34.2261,3.4050
1,0,4,12,1,60,1200,11880,0.4920,0.6852
1,0,4,12,200,60,1200,11880,18.6853,29.2974
1,0,4,24,1,60,1200,255024,8.5792,0.7894
1,0,4,24,200,60,1200,255024,-1.0000,16.5671
1,0,3,12,1,60,3600,1320,0.1250,0.4190
1,0,3,12,200,60,3600,1320,0.6399,9.5952
1,0,3,24,1,60,3600,12144,0.3526,0.4831
1,0,3,24,200,60,3600,12144,3.9004,10.6517
1,0,4,12,1,60,3600,11880,0.3883,0.7599
1,0,4,12,200,60,3600,11880,1.4498,70.6859
1,0,4,24,1,60,3600,255024,7.4922,0.8975
1,0,4,24,200,60,3600,255024,-1.0000,41.5586
1,0,3,12,1,60,9600,1320,0.1192,0.5434
1,0,3,12,200,60,9600,1320,0.2272,34.2223
1,0,3,24,1,60,9600,12144,0.3863,0.6257
1,0,3,24,200,60,9600,12144,1.0162,32.4965
1,0,4,12,1,60,9600,11880,0.3897,1.1139
1,0,4,12,200,60,9600,11880,0.5907,188.0775
1,0,4,24,1,60,9600,255024,10.0367,1.4229
1,0,4,24,200,60,9600,255024,-1.0000,169.5123
0,1,3,12,1,5,1200,1320,0.0601,0.2694
0,1,3,12,200,5,1200,1320,0.5666,0.4350
0,1,3,24,1,5,1200,12144,0.2900,0.2828
0,1,3,24,200,5,1200,12144,5.2000,0.5983
0,1,4,12,1,5,1200,11880,0.3812,0.6407
0,1,4,12,200,5,1200,11880,6.8555,1.3597
0,1,4,24,1,5,1200,255024,7.2998,0.6379
0,1,4,24,200,5,1200,255024,-1.0000,1.5705
0,1,3,12,1,60,1200,1320,0.0517,0.3337
0,1,3,12,200,60,1200,1320,0.6351,0.4955
0,1,3,24,1,60,1200,12144,0.2450,0.2887
0,1,3,24,200,60,1200,12144,5.7186,0.6055
0,1,4,12,1,60,1200,11880,0.2828,0.6751
0,1,4,12,200,60,1200,11880,7.1632,1.1648
0,1,4,24,1,60,1200,255024,5.2588,0.6186
0,1,4,24,200,60,1200,255024,-1.0000,1.4909
1,1,3,12,1,5,1200,1320,0.0464,0.6286
1,1,3,12,200,5,1200,1320,3.6385,114.9461
1,1,3,24,1,5,1200,12144,0.1696,0.6885
1,1,3,24,200,5,1200,12144,42.9095,169.3828
1,1,4,12,1,5,1200,11880,0.2283,2.0521
1,1,4,12,200,5,1200,11880,50.9215,345.8429
1,1,4,24,1,5,1200,255024,3.9447,2.6222
1,1,4,24,200,5,1200,255024,-1.0000,619.1380
1,1,3,12,1,60,1200,1320,0.0425,0.4228
1,1,3,12,200,60,1200,1320,2.3597,10.5671
1,1,3,24,1,60,1200,12144,0.1211,0.4295
1,1,3,24,200,60,1200,12144,29.7714,16.8934
1,1,4,12,1,60,1200,11880,0.1734,0.7629
1,1,4,12,200,60,1200,11880,42.2337,25.0092
1,1,4,24,1,60,1200,255024,3.1937,0.7900
1,1,4,24,200,60,1200,255024,-1.0000,42.5787
1,1,3,12,200,3,1200,1320,3.0732,165.3872
1,1,3,24,200,3,1200,12144,38.4189,249.2108
1,1,4,12,200,3,1200,11880,50.0399,572.6255
1,1,4,24,200,3,1200,255024,-1.0000,998.6036
1,1,3,12,200,7,1200,1320,4.1606,65.5043
1,1,3,24,200,7,1200,12144,44.0703,103.7480
1,1,4,12,200,7,1200,11880,51.6063,228.4648
1,1,4,24,200,7,1200,255024,-1.0000,437.0920
1,1,3,12,200,10,1200,1320,4.3248,51.9515
1,1,3,24,200,10,1200,12144,46.8245,82.0870
1,1,4,12,200,10,1200,11880,60.7995,162.2747
1,1,4,24,200,10,1200,255024,-1.0000,291.6520
1,1,3,12,200,20,1200,1320,2.1566,20.7533
1,1,3,24,200,20,1200,12144,29.5612,36.3686
1,1,4,12,200,20,1200,11880,42.4466,59.2658
1,1,4,24,200,20,1200,255024,-1.0000,106.9382
1,1,3,12,200,40,1200,1320,2.3817,13.3362
1,1,3,24,200,40,1200,12144,30.3774,20.3010
1,1,4,12,200,40,1200,11880,41.6400,32.1971
1,1,4,24,200,40,1200,255024,-1.0000,59.1843
1,1,3,12,200,80,1200,1320,2.1877,8.2570
1,1,3,24,200,80,1200,12144,29.8169,17.1190
1,1,4,12,200,80,1200,11880,41.8668,22.8730
1,1,4,24,200,80,1200,255024,-1.0000,44.9241
1,0,3,12,200,3,3600,1320,0.1681,418.1237
1,0,3,24,200,3,3600,12144,0.5071,300.0858
0,0,2,6,1,15,3600,30,0.0633,0.0855
0,0,2,6,200,15,3600,30,0.1091,0.1194
0,0,2,12,1,15,3600,132,0.0766,0.0827
0,0,2,12,200,15,3600,132,0.1173,0.1463
0,0,2,24,1,15,3600,552,0.0842,0.0868
0,0,2,24,200,15,3600,552,0.1415,0.1357
0,0,2,48,1,15,3600,2256,0.1161,0.0940
0,0,2,48,200,15,3600,2256,0.2331,0.1412
0,0,3,6,1,15,3600,120,0.0600,0.1620
0,0,3,6,200,15,3600,120,0.1777,0.2605
0,0,3,12,1,15,3600,1320,0.0898,0.1533
0,0,3,12,200,15,3600,1320,0.2366,0.2802
0,0,3,24,1,15,3600,12144,0.3297,0.1807
0,0,3,24,200,15,3600,12144,0.5121,0.2889
0,0,3,48,1,15,3600,103776,3.8121,0.1980
0,0,3,48,200,15,3600,103776,-1.0000,0.3255
0,0,4,6,1,15,3600,360,0.0739,0.3568
0,0,4,6,200,15,3600,360,0.3652,0.4976
0,0,4,12,1,15,3600,11880,0.4481,0.3419
0,0,4,12,200,15,3600,11880,0.8796,0.5665
0,0,4,24,1,15,3600,255024,9.7863,0.3367
0,0,4,24,200,15,3600,255024,-1.0000,0.6344
0,0,4,48,1,15,3600,4669920,-1.0000,0.4108
0,0,4,48,200,15,3600,4669920,-1.0000,0.6776
1,0,2,6,1,15,3600,30,0.0886,0.2722
1,0,2,6,200,15,3600,30,0.1131,1.0885
1,0,2,12,1,15,3600,132,0.0940,0.3635
1,0,2,12,200,15,3600,132,0.1350,1.9287
1,0,2,24,1,15,3600,552,0.1020,0.2872
1,0,2,24,200,15,3600,552,0.2208,2.7950
1,0,2,48,1,15,3600,2256,0.1304,0.4319
1,0,2,48,200,15,3600,2256,0.5416,4.6008
1,0,3,6,1,15,3600,120,0.0918,0.5123
1,0,3,6,200,15,3600,120,0.1333,84.7903
1,0,3,12,1,15,3600,1320,0.1218,0.6907
1,0,3,12,200,15,3600,1320,0.2190,62.2388
1,0,3,24,1,15,3600,12144,0.4034,0.9207
1,0,3,24,200,15,3600,12144,0.8368,62.8201
1,0,3,48,1,15,3600,103776,3.5737,0.8982
1,0,3,48,200,15,3600,103776,-1.0000,57.5330
1,0,4,6,1,15,3600,360,0.0905,1.5015
1,0,4,6,200,15,3600,360,0.2310,204.1973
1,0,4,12,1,15,3600,11880,0.4921,1.3852
1,0,4,12,200,15,3600,11880,0.6770,257.6632
1,0,4,24,1,15,3600,255024,10.9759,1.4407
1,0,4,24,200,15,3600,255024,-1.0000,342.4299
1,0,4,48,1,15,3600,4669920,-1.0000,1.9214
1,0,4,48,200,15,3600,4669920,-1.0000,171.6714
0,1,2,6,1,15,1200,30,0.0330,0.1275
0,1,2,6,200,15,1200,30,0.1130,0.1716
0,1,2,12,1,15,1200,132,0.0299,0.1252
0,1,2,12,200,15,1200,132,0.1130,0.1629
0,1,2,24,1,15,1200,552,0.0346,0.1230
0,1,2,24,200,15,1200,552,0.2457,0.1700
0,1,2,48,1,15,1200,2256,0.0521,0.1234
0,1,2,48,200,15,1200,2256,0.7798,0.2163
0,1,3,6,1,15,1200,120,0.0305,0.2760
0,1,3,6,200,15,1200,120,0.1260,0.3893
0,1,3,12,1,15,1200,1320,0.0572,0.2547
0,1,3,12,200,15,1200,1320,0.5721,0.4546
0,1,3,24,1,15,1200,12144,0.2365,0.2605
0,1,3,24,200,15,1200,12144,7.5720,0.5530
0,1,3,48,1,15,1200,103776,1.7483,0.3101
0,1,3,48,200,15,1200,103776,-1.0000,0.6895
0,1,4,6,1,15,1200,360,0.0373,0.5882
0,1,4,6,200,15,1200,360,0.2827,1.0041
0,1,4,12,1,15,1200,11880,0.2830,0.6198
0,1,4,12,200,15,1200,11880,9.1394,1.1248
0,1,4,24,1,15,1200,255024,5.1420,0.7127
0,1,4,24,200,15,1200,255024,-1.0000,1.5148
0,1,4,48,1,15,1200,4669920,-1.0000,0.6633
0,1,4,48,200,15,1200,4669920,-1.0000,2.0624
1,1,2,6,1,15,1200,30,0.0270,0.2301
1,1,2,6,200,15,1200,30,0.0622,7.2901
1,1,2,12,1,15,1200,132,0.0264,0.2217
1,1,2,12,200,15,1200,132,0.1530,8.5927
1,1,2,24,1,15,1200,552,0.0282,0.2490
1,1,2,24,200,15,1200,552,0.5614,14.2045
1,1,2,48,1,15,1200,2256,0.0372,0.2590
1,1,2,48,200,15,1200,2256,2.2035,20.6886
1,1,3,6,1,15,1200,120,0.0320,0.4353
1,1,3,6,200,15,1200,120,0.2347,23.0437
1,1,3,12,1,15,1200,1320,0.0400,0.4475
1,1,3,12,200,15,1200,1320,2.2198,33.9755
1,1,3,24,1,15,1200,12144,0.1226,0.4683
1,1,3,24,200,15,1200,12144,29.5135,49.0325
1,1,3,48,1,15,1200,103776,0.8756,0.6957
1,1,3,48,200,15,1200,103776,-1.0000,91.8663
1,1,4,6,1,15,1200,360,0.0412,0.9940
1,1,4,6,200,15,1200,360,1.0413,57.9058
1,1,4,12,1,15,1200,11880,0.1921,0.9226
1,1,4,12,200,15,1200,11880,44.1505,96.4706
1,1,4,24,1,15,1200,255024,3.3318,1.2820
1,1,4,24,200,15,1200,255024,-1.0000,164.8640
1,1,4,48,1,15,1200,4669920,-1.0000,1.0410
1,1,4,48,200,15,1200,4669920,-1.0000,323.2698
0,0,3,12,1,5,1200,1320,0.0947,0.1819
0,0,3,12,200,5,1200,1320,0.2430,0.3643
0,0,3,24,1,5,1200,12144,0.3411,0.1969
0,0,3,24,200,5,1200,12144,0.4957,0.2925
0,0,4,12,1,5,1200,11880,0.4260,0.3585
0,0,4,12,200,5,1200,11880,0.9730,0.7551
0,0,4,24,1,5,1200,255024,9.2721,0.3626
0,0,4,24,200,5,1200,255024,-1.0000,0.7217
0,0,3,12,1,5,3600,1320,0.0962,0.1786
0,0,3,12,200,5,3600,1320,0.2361,0.2747
0,0,3,24,1,5,3600,12144,0.3292,0.1681
0,0,3,24,200,5,3600,12144,0.5691,0.3011
0,0,4,12,1,5,3600,11880,0.4597,0.3640
0,0,4,12,200,5,3600,11880,0.8695,0.5459
0,0,4,24,1,5,3600,255024,8.7825,0.3818
0,0,4,24,200,5,3600,255024,-1.0000,0.6305
0,0,3,12,1,5,9600,1320,0.0975,0.1543
0,0,3,12,200,5,9600,1320,0.2256,0.2407
0,0,3,24,1,5,9600,12144,0.3211,0.1737
0,0,3,24,200,5,9600,12144,0.4887,0.2791
0,0,4,12,1,5,9600,11880,0.4405,0.3315
0,0,4,12,200,5,9600,11880,0.7878,0.5975
0,0,4,24,1,5,9600,255024,8.1967,0.4154
0,0,4,24,200,5,9600,255024,-1.0000,0.6349
0,0,3,12,1,15,1200,1320,0.0965,0.1872
0,0,3,12,200,15,1200,1320,0.2980,0.2815
0,0,3,24,1,15,1200,12144,0.4160,0.2035
0,0,3,24,200,15,1200,12144,1.2453,0.3213
0,0,4,12,1,15,1200,11880,0.4445,0.4054
0,0,4,12,200,15,1200,11880,1.0721,0.7007
0,0,4,24,1,15,1200,255024,8.6450,0.4010
0,0,4,24,200,15,1200,255024,-1.0000,0.6665
0,0,3,12,1,15,9600,1320,0.1029,0.1605
0,0,3,12,200,15,9600,1320,0.2372,0.2450
0,0,3,24,1,15,9600,12144,0.3408,0.1681
0,0,3,24,200,15,9600,12144,0.4701,0.3050
0,0,4,12,1,15,9600,11880,0.4649,0.3416
0,0,4,12,200,15,9600,11880,0.8557,0.5312
0,0,4,24,1,15,9600,255024,8.5100,0.3799
0,0,4,24,200,15,9600,255024,-1.0000,0.6530
0,0,3,12,1,60,1200,1320,0.1362,0.2245
0,0,3,12,200,60,1200,1320,4.0019,0.3586
0,0,3,24,1,60,1200,12144,0.4742,0.2216
0,0,3,24,200,60,1200,12144,25.9612,0.3765
0,0,4,12,1,60,1200,11880,0.5293,0.4207
0,0,4,12,200,60,1200,11880,33.3079,0.7604
0,0,4,24,1,60,1200,255024,9.6729,0.4403
0,0,4,24,200,60,1200,255024,-1.0000,0.8709
0,0,3,12,1,60,3600,1320,0.1074,0.2029
0,0,3,12,200,60,3600,1320,0.4557,0.3168
0,0,3,24,1,60,3600,12144,0.3150,0.2255
0,0,3,24,200,60,3600,12144,1.5422,0.3600
0,0,4,12,1,60,3600,11880,0.4592,0.4462
0,0,4,12,200,60,3600,11880,1.3852,0.6499
0,0,4,24,1,60,3600,255024,8.5312,0.4198
0,0,4,24,200,60,3600,255024,-1.0000,0.7400
0,0,3,12,1,60,9600,1320,0.0941,0.1889
0,0,3,12,200,60,9600,1320,0.2496,0.2945
0,0,3,24,1,60,9600,12144,0.3554,0.1819
0,0,3,24,200,60,9600,12144,0.6286,0.3390
0,0,4,12,1,60,9600,11880,0.4462,0.3534
0,0,4,12,200,60,9600,11880,0.8828,0.6582
0,0,4,24,1,60,9600,255024,8.6510,0.3920
0,0,4,24,200,60,9600,255024,-1.0000,0.6338
1,0,3,12,1,5,1200,1320,0.1238,0.6340
1,0,3,12,200,5,1200,1320,0.1991,39.7900
1,0,3,24,1,5,1200,12144,0.4461,0.8292
1,0,3,24,200,5,1200,12144,0.6957,57.8280
1,0,4,12,1,5,1200,11880,0.4693,1.4954
1,0,4,12,200,5,1200,11880,0.6604,285.9954
1,0,4,24,1,5,1200,255024,11.8288,1.7482
1,0,4,24,200,5,1200,255024,-1.0000,198.9194
1,0,3,12,1,5,3600,1320,0.1188,1.1727
1,0,3,12,200,5,3600,1320,0.2040,189.6957
1,0,3,24,1,5,3600,12144,0.3615,1.7924
1,0,3,24,200,5,3600,12144,0.4341,195.8711
1,0,4,12,1,5,3600,11880,0.4325,2.8630
1,0,4,12,200,5,3600,11880,0.5509,845.6030
1,0,4,24,1,5,3600,255024,12.5296,3.4410
1,0,4,24,200,5,3600,255024,-1.0000,920.9818
1,0,3,12,1,5,9600,1320,0.0985,2.5143
1,0,3,12,200,5,9600,1320,0.1555,509.1685
1,0,3,24,1,5,9600,12144,0.3907,3.1448
1,0,3,24,200,5,9600,12144,0.4652,498.9302
1,0,4,12,1,5,9600,11880,0.4828,5.9837
1,0,4,12,200,5,9600,11880,0.6833,2175.5740
1,0,4,24,1,5,9600,255024,14.0174,4.2163
1,0,4,24,200,5,9600,255024,-1.0000,1925.6408
1,0,3,12,1,15,1200,1320,0.1238,0.3775
1,0,3,12,200,15,1200,1320,0.4759,16.3038
1,0,3,24,1,15,1200,12144,0.3736,0.6111
1,0,3,24,200,15,1200,12144,2.8940,11.5928
1,0,4,12,1,15,1200,11880,0.4402,0.8036
1,0,4,12,200,15,1200,11880,1.2408,96.8852
1,0,4,24,1,15,1200,255024,8.0565,1.1605
1,0,4,24,200,15,1200,255024,-1.0000,72.7541
1,0,3,12,1,15,9600,1320,0.1051,1.2507
1,0,3,12,200,15,9600,1320,0.1720,142.4802
1,0,3,24,1,15,9600,12144,0.4243,1.0009
1,0,3,24,200,15,9600,12144,0.4843,163.0091
1,0,4,12,1,15,9600,11880,0.4545,2.4208
1,0,4,12,200,15,9600,11880,0.5765,661.5291
1,0,4,24,1,15,9600,255024,12.2122,3.2682
1,0,4,24,200,15,9600,255024,-1.0000,760.9872
1,0,3,12,1,60,1200,1320,0.1201,0.3653
1,0,3,12,200,60,1200,1320,3.5413,3.2847
1,0,3,24,1,60,1200,12144,0.6235,0.3674
1,0,3,24,200,60,1200,12144,35.6925,3.5567
1,0,4,12,1,60,1200,11880,0.4909,0.6773
1,0,4,12,200,60,1200,11880,20.6653,26.5550
1,0,4,24,1,60,1200,255024,8.7856,0.8518
1,0,4,24,200,60,1200,255024,-1.0000,17.5125
1,0,3,12,1,60,3600,1320,0.1208,0.4198
1,0,3,12,200,60,3600,1320,0.6624,10.0958
1,0,3,24,1,60,3600,12144,0.3695,0.4993
1,0,3,24,200,60,3600,12144,3.8329,10.8156
1,0,4,12,1,60,3600,11880,0.4066,0.7845
1,0,4,12,200,60,3600,11880,1.3840,59.7296
1,0,4,24,1,60,3600,255024,7.4750,0.8997
1,0,4,24,200,60,3600,255024,-1.0000,42.3278
1,0,3,12,1,60,9600,1320,0.1289,0.5699
1,0,3,12,200,60,9600,1320,0.2303,32.4737
1,0,3,24,1,60,9600,12144,0.3863,0.6782
1,0,3,24,200,60,9600,12144,0.9779,31.1340
1,0,4,12,1,60,9600,11880,0.4033,1.1748
1,0,4,12,200,60,9600,11880,0.5930,182.1929
1,0,4,24,1,60,9600,255024,10.1438,1.3818
1,0,4,24,200,60,9600,255024,-1.0000,139.5848
0,1,3,12,1,5,1200,1320,0.0632,0.2917
0,1,3,12,200,5,1200,1320,0.6647,0.4691
0,1,3,24,1,5,1200,12144,0.2935,0.3035
0,1,3,24,200,5,1200,12144,5.2009,0.5495
0,1,4,12,1,5,1200,11880,0.3757,0.5405
0,1,4,12,200,5,1200,11880,8.8872,1.2968
0,1,4,24,1,5,1200,255024,7.1401,0.6378
0,1,4,24,200,5,1200,255024,-1.0000,1.6823
0,1,3,12,1,60,1200,1320,0.0512,0.3255
0,1,3,12,200,60,1200,1320,0.5700,0.4783
0,1,3,24,1,60,1200,12144,0.1983,0.2927
0,1,3,24,200,60,1200,12144,5.0596,0.5472
0,1,4,12,1,60,1200,11880,0.2331,0.5808
0,1,4,12,200,60,1200,11880,8.8010,1.0792
0,1,4,24,1,60,1200,255024,4.7524,0.6523
0,1,4,24,200,60,1200,255024,-1.0000,1.4552
1,1,3,12,1,5,1200,1320,0.0461,0.6500
1,1,3,12,200,5,1200,1320,3.4943,113.2986
1,1,3,24,1,5,1200,12144,0.1682,0.6937
1,1,3,24,200,5,1200,12144,41.0760,166.0325
1,1,4,12,1,5,1200,11880,0.2369,1.8310
1,1,4,12,200,5,1200,11880,50.8488,349.4768
1,1,4,24,1,5,1200,255024,3.9903,2.6630
1,1,4,24,200,5,1200,255024,-1.0000,623.4802
1,1,3,12,1,60,1200,1320,0.0414,0.4060
1,1,3,12,200,60,1200,1320,2.3216,10.1151
1,1,3,24,1,60,1200,12144,0.1330,0.4388
1,1,3,24,200,60,1200,12144,29.5866,16.6290
1,1,4,12,1,60,1200,11880,0.1930,0.7363
1,1,4,12,200,60,1200,11880,41.5579,24.1534
1,1,4,24,1,60,1200,255024,3.0031,0.8366
1,1,4,24,200,60,1200,255024,-1.0000,43.6858
1,1,3,12,200,3,1200,1320,3.4026,170.8462
1,1,3,24,200,3,1200,12144,38.8849,250.8676
1,1,4,12,200,3,1200,11880,49.4725,572.0183
1,1,4,24,200,3,1200,255024,-1.0000,993.9445
1,1,3,12,200,7,1200,1320,3.8733,64.2581
1,1,3,24,200,7,1200,12144,43.3229,104.3950
1,1,4,12,200,7,1200,11880,51.6494,228.8495
1,1,4,24,200,7,1200,255024,-1.0000,440.1561
1,1,3,12,200,10,1200,1320,4.4156,57.2105
1,1,3,24,200,10,1200,12144,47.5401,81.9271
1,1,4,12,200,10,1200,11880,60.3815,162.0463
1,1,4,24,200,10,1200,255024,-1.0000,301.7099
1,1,3,12,200,20,1200,1320,2.3225,21.1585
1,1,3,24,200,20,1200,12144,28.6031,37.3186
1,1,4,12,200,20,1200,11880,41.2832,61.3072
1,1,4,24,200,20,1200,255024,-1.0000,106.4897
1,1,3,12,200,40,1200,1320,2.3581,14.9505
1,1,3,24,200,40,1200,12144,29.6025,20.4049
1,1,4,12,200,40,1200,11880,41.3978,32.1828
1,1,4,24,200,40,1200,255024,-1.0000,59.4635
1,1,3,12,200,80,1200,1320,2.2213,8.1319
1,1,3,24,200,80,1200,12144,29.0453,16.6175
1,1,4,12,200,80,1200,11880,40.5982,21.4693
1,1,4,24,200,80,1200,255024,-1.0000,44.0315
1,0,3,12,200,3,3600,1320,0.1674,553.0366
1,0,3,24,200,3,3600,12144,0.5648,308.0947
0,0,2,6,1,15,3600,30,0.0551,0.0840
0,0,2,6,200,15,3600,30,0.1188,0.1240
0,0,2,12,1,15,3600,132,0.0753,0.0848
0,0,2,12,200,15,3600,132,0.1222,0.1494
0,0,2,24,1,15,3600,552,0.0831,0.0948
0,0,2,24,200,15,3600,552,0.1442,0.1372
0,0,2,48,1,15,3600,2256,0.1188,0.0984
0,0,2,48,200,15,3600,2256,0.2335,0.1427
0,0,3,6,1,15,3600,120,0.0613,0.1658
0,0,3,6,200,15,3600,120,0.1769,0.2610
0,0,3,12,1,15,3600,1320,0.0884,0.1534
0,0,3,12,200,15,3600,1320,0.2352,0.2781
0,0,3,24,1,15,3600,12144,0.3303,0.1775
0,0,3,24,200,15,3600,12144,0.4890,0.2870
0,0,3,48,1,15,3600,103776,3.7601,0.1887
0,0,3,48,200,15,3600,103776,-1.0000,0.4210
0,0,4,6,1,15,3600,360,0.0785,0.4116
0,0,4,6,200,15,3600,360,0.4053,0.5513
0,0,4,12,1,15,3600,11880,0.4338,0.3588
0,0,4,12,200,15,3600,11880,0.9365,0.5890
0,0,4,24,1,15,3600,255024,10.2713,0.3364
0,0,4,24,200,15,3600,255024,-1.0000,0.7493
0,0,4,48,1,15,3600,4669920,-1.0000,0.4226
0,0,4,48,200,15,3600,4669920,-1.0000,0.7820
1,0,2,6,1,15,3600,30,0.0896,0.2768
1,0,2,6,200,15,3600,30,0.1251,1.2420
1,0,2,12,1,15,3600,132,0.0972,0.3962
1,0,2,12,200,15,3600,132,0.1473,2.2337
1,0,2,24,1,15,3600,552,0.1018,0.3003
1,0,2,24,200,15,3600,552,0.2341,3.1046
1,0,2,48,1,15,3600,2256,0.1311,0.4428
1,0,2,48,200,15,3600,2256,0.5352,4.8162
1,0,3,6,1,15,3600,120,0.0982,0.5310
1,0,3,6,200,15,3600,120,0.1459,80.1550
1,0,3,12,1,15,3600,1320,0.1176,0.6552
1,0,3,12,200,15,3600,1320,0.1989,61.9855
1,0,3,24,1,15,3600,12144,0.4325,0.8691
1,0,3,24,200,15,3600,12144,0.8397,60.3038
1,0,3,48,1,15,3600,103776,3.5848,0.8938
1,0,3,48,200,15,3600,103776,-1.0000,49.7460
1,0,4,6,1,15,3600,360,0.0855,1.2654
1,0,4,6,200,15,3600,360,0.2131,192.9197
1,0,4,12,1,15,3600,11880,0.4723,1.3064
1,0,4,12,200,15,3600,11880,0.5852,240.0490
1,0,4,24,1,15,3600,255024,10.5612,1.3757
1,0,4,24,200,15,3600,255024,-1.0000,327.6240
1,0,4,48,1,15,3600,4669920,-1.0000,2.0263
1,0,4,48,200,15,3600,4669920,-1.0000,172.2563
0,1,2,6,1,15,1200,30,0.0328,0.1380
0,1,2,6,200,15,1200,30,0.1133,0.1861
0,1,2,12,1,15,1200,132,0.0321,0.1483
0,1,2,12,200,15,1200,132,0.1153,0.1990
0,1,2,24,1,15,1200,552,0.0383,0.1327
0,1,2,24,200,15,1200,552,0.2638,0.1790
0,1,2,48,1,15,1200,2256,0.0543,0.1304
0,1,2,48,200,15,1200,2256,0.7834,0.1973
0,1,3,6,1,15,1200,120,0.0301,0.2808
0,1,3,6,200,15,1200,120,0.1240,0.3840
0,1,3,12,1,15,1200,1320,0.0528,0.2540
0,1,3,12,200,15,1200,1320,0.5717,0.4460
0,1,3,24,1,15,1200,12144,0.2275,0.2641
0,1,3,24,200,15,1200,12144,6.9335,0.5580
0,1,3,48,1,15,1200,103776,1.7209,0.3085
0,1,3,48,200,15,1200,103776,-1.0000,0.6619
0,1,4,6,1,15,1200,360,0.0384,0.6349
0,1,4,6,200,15,1200,360,0.2635,1.0250
0,1,4,12,1,15,1200,11880,0.2727,0.6749
0,1,4,12,200,15,1200,11880,8.3895,1.0861
0,1,4,24,1,15,1200,255024,5.1804,0.6170
0,1,4,24,200,15,1200,255024,-1.0000,1.3810
0,1,4,48,1,15,1200,4669920,-1.0000,0.6059
0,1,4,48,200,15,1200,4669920,-1.0000,1.9510
1,1,2,6,1,15,1200,30,0.0251,0.2195
1,1,2,6,200,15,1200,30,0.0582,7.1260
1,1,2,12,1,15,1200,132,0.0240,0.2153
1,1,2,12,200,15,1200,132,0.1511,8.5159
1,1,2,24,1,15,1200,552,0.0265,0.2363
1,1,2,24,200,15,1200,552,0.5715,14.2271
1,1,2,48,1,15,1200,2256,0.0367,0.2568
1,1,2,48,200,15,1200,2256,2.2036,20.7776
1,1,3,6,1,15,1200,120,0.0283,0.4198
1,1,3,6,200,15,1200,120,0.2271,22.2902
1,1,3,12,1,15,1200,1320,0.0392,0.4241
1,1,3,12,200,15,1200,1320,2.2393,34.1715
1,1,3,24,1,15,1200,12144,0.1280,0.4929
1,1,3,24,200,15,1200,12144,29.8910,49.6302
1,1,3,48,1,15,1200,103776,0.8853,0.7344
1,1,3,48,200,15,1200,103776,-1.0000,91.1288
1,1,4,6,1,15,1200,360,0.0415,1.0331
1,1,4,6,200,15,1200,360,1.0543,57.8330
1,1,4,12,1,15,1200,11880,0.1943,1.0051
1,1,4,12,200,15,1200,11880,44.3935,96.2770
1,1,4,24,1,15,1200,255024,3.3873,1.3596
1,1,4,24,200,15,1200,255024,-1.0000,162.8492
1,1,4,48,1,15,1200,4669920,-1.0000,1.1081
1,1,4,48,200,15,1200,4669920,-1.0000,320.3789
0,0,3,12,1,5,1200,1320,0.0962,0.1848
0,0,3,12,200,5,1200,1320,0.2534,0.2649
0,0,3,24,1,5,1200,12144,0.3328,0.1973
0,0,3,24,200,5,1200,12144,0.5154,0.3066
0,0,4,12,1,5,1200,11880,0.4218,0.3826
0,0,4,12,200,5,1200,11880,0.8557,0.6091
0,0,4,24,1,5,1200,255024,8.8438,0.3561
0,0,4,24,200,5,1200,255024,-1.0000,0.6411
0,0,3,12,1,5,3600,1320,0.0928,0.1733
0,0,3,12,200,5,3600,1320,0.2407,0.2492
0,0,3,24,1,5,3600,12144,0.3834,0.2032
0,0,3,24,200,5,3600,12144,0.5364,0.3235
0,0,4,12,1,5,3600,11880,0.4521,0.3738
0,0,4,12,200,5,3600,11880,0.8800,0.5596
0,0,4,24,1,5,3600,255024,8.5182,0.3463
0,0,4,24,200,5,3600,255024,-1.0000,0.6775
0,0,3,12,1,5,9600,1320,0.0998,0.1702
0,0,3,12,200,5,9600,1320,0.2282,0.2486
0,0,3,24,1,5,9600,12144,0.3291,0.1713
0,0,3,24,200,5,9600,12144,0.4962,0.2594
0,0,4,12,1,5,9600,11880,0.4573,0.3253
0,0,4,12,200,5,9600,11880,0.8260,0.6240
0,0,4,24,1,5,9600,255024,8.1095,0.3501
0,0,4,24,200,5,9600,255024,-1.0000,0.5840
0,0,3,12,1,15,1200,1320,0.0930,0.1945
0,0,3,12,200,15,1200,1320,0.3000,0.3019
0,0,3,24,1,15,1200,12144,0.3623,0.2013
0,0,3,24,200,15,1200,12144,1.1102,0.3378
0,0,4,12,1,15,1200,11880,0.4860,0.4259
0,0,4,12,200,15,1200,11880,0.9639,0.7078
0,0,4,24,1,15,1200,255024,8.3587,0.4402
0,0,4,24,200,15,1200,255024,-1.0000,0.7513
0,0,3,12,1,15,9600,1320,0.1088,0.1817
0,0,3,12,200,15,9600,1320,0.2547,0.2602
0,0,3,24,1,15,9600,12144,0.3287,0.1702
0,0,3,24,200,15,9600,12144,0.4545,0.3392
0,0,4,12,1,15,9600,11880,0.4343,0.3802
0,0,4,12,200,15,9600,11880,0.8825,0.5999
0,0,4,24,1,15,9600,255024,8.2970,0.3859
0,0,4,24,200,15,9600,255024,-1.0000,0.6475
0,0,3,12,1,60,1200,1320,0.1318,0.2151
0,0,3,12,200,60,1200,1320,4.1226,0.3567
0,0,3,24,1,60,1200,12144,0.4043,0.2195
0,0,3,24,200,60,1200,12144,24.8612,0.4086
0,0,4,12,1,60,1200,11880,0.5670,0.4252
0,0,4,12,200,60,1200,11880,31.5380,0.6978
0,0,4,24,1,60,1200,255024,9.5818,0.4350
0,0,4,24,200,60,1200,255024,-1.0000,0.8343
0,0,3,12,1,60,3600,1320,0.1077,0.1993
0,0,3,12,200,60,3600,1320,0.4564,0.3105
0,0,3,24,1,60,3600,12144,0.3317,0.2042
0,0,3,24,200,60,3600,12144,1.5697,0.3550
0,0,4,12,1,60,3600,11880,0.4303,0.4284
0,0,4,12,200,60,3600,11880,1.2800,0.5974
0,0,4,24,1,60,3600,255024,8.4967,0.4448
0,0,4,24,200,60,3600,255024,-1.0000,0.6784
0,0,3,12,1,60,9600,1320,0.0903,0.1761
0,0,3,12,200,60,9600,1320,0.2379,0.2679
0,0,3,24,1,60,9600,12144,0.3493,0.1942
0,0,3,24,200,60,9600,12144,0.6587,0.3295
0,0,4,12,1,60,9600,11880,0.4331,0.3630
0,0,4,12,200,60,9600,11880,0.8356,0.6573
0,0,4,24,1,60,9600,255024,8.8052,0.4160
0,0,4,24,200,60,9600,255024,-1.0000,0.6487
1,0,3,12,1,5,1200,1320,0.1248,0.6226
1,0,3,12,200,5,1200,1320,0.2200,42.7705
1,0,3,24,1,5,1200,12144,0.3901,0.8716
1,0,3,24,200,5,1200,12144,0.6966,60.3658
1,0,4,12,1,5,1200,11880,0.5406,1.5922
1,0,4,12,200,5,1200,11880,0.6532,275.9622
1,0,4,24,1,5,1200,255024,11.5838,1.5574
1,0,4,24,200,5,1200,255024,-1.0000,195.7772
1,0,3,12,1,5,3600,1320,0.1165,1.1836
1,0,3,12,200,5,3600,1320,0.1640,185.4103
1,0,3,24,1,5,3600,12144,0.3625,1.8121
1,0,3,24,200,5,3600,12144,0.4409,189.2619
1,0,4,12,1,5,3600,11880,0.4032,2.9854
1,0,4,12,200,5,3600,11880,0.5605,794.5449
1,0,4,24,1,5,3600,255024,12.5840,3.2018
1,0,4,24,200,5,3600,255024,-1.0000,911.1150
1,0,3,12,1,5,9600,1320,0.1003,2.5037
1,0,3,12,200,5,9600,1320,0.1620,503.8174
1,0,3,24,1,5,9600,12144,0.4015,3.1790
1,0,3,24,200,5,9600,12144,0.4645,503.7273
1,0,4,12,1,5,9600,11880,0.4656,5.7240
1,0,4,12,200,5,9600,11880,0.5921,2181.3110
1,0,4,24,1,5,9600,255024,13.8309,4.4048
1,0,4,24,200,5,9600,255024,-1.0000,1785.2726
1,0,3,12,1,15,1200,1320,0.1222,0.3939
1,0,3,12,200,15,1200,1320,0.4147,15.3602
1,0,3,24,1,15,1200,12144,0.3437,0.5215
1,0,3,24,200,15,1200,12144,2.4875,10.8780
1,0,4,12,1,15,1200,11880,0.4280,0.8479
1,0,4,12,200,15,1200,11880,1.0420,82.5474
1,0,4,24,1,15,1200,255024,8.3226,1.1363
1,0,4,24,200,15,1200,255024,-1.0000,74.8330
1,0,3,12,1,15,9600,1320,0.1023,1.2587
1,0,3,12,200,15,9600,1320,0.1732,139.3783
1,0,3,24,1,15,9600,12144,0.4028,0.9893
1,0,3,24,200,15,9600,12144,0.4788,163.3016
1,0,4,12,1,15,9600,11880,0.4757,2.5336
1,0,4,12,200,15,9600,11880,0.5994,641.4536
1,0,4,24,1,15,9600,255024,11.7560,2.7957
1,0,4,24,200,15,9600,255024,-1.0000,746.1485
1,0,3,12,1,60,1200,1320,0.1188,0.3329
1,0,3,12,200,60,1200,1320,3.1632,3.0943
1,0,3,24,1,60,1200,12144,0.5524,0.3532
1,0,3,24,200,60,1200,12144,33.3433,3.6015
1,0,4,12,1,60,1200,11880,0.4687,0.7140
1,0,4,12,200,60,1200,11880,18.7801,27.4204
1,0,4,24,1,60,1200,255024,8.6914,0.8463
1,0,4,24,200,60,1200,255024,-1.0000,17.1090
1,0,3,12,1,60,3600,1320,0.1307,0.4479
1,0,3,12,200,60,3600,1320,0.6371,10.2989
1,0,3,24,1,60,3600,12144,0.3659,0.4688
1,0,3,24,200,60,3600,12144,4.0502,11.0821
1,0,4,12,1,60,3600,11880,0.4000,0.7757
1,0,4,12,200,60,3600,11880,1.3604,58.3717
1,0,4,24,1,60,3600,255024,7.5549,0.9231
1,0,4,24,200,60,3600,255024,-1.0000,42.2583
1,0,3,12,1,60,9600,1320,0.1304,0.5652
1,0,3,12,200,60,9600,1320,0.2443,36.3878
1,0,3,24,1,60,9600,12144,0.3917,0.6479
1,0,3,24,200,60,9600,12144,0.9650,35.1111
1,0,4,12,1,60,9600,11880,0.3814,1.1517
1,0,4,12,200,60,9600,11880,0.5964,171.0914
1,0,4,24,1,60,9600,255024,9.8157,1.3626
1,0,4,24,200,60,9600,255024,-1.0000,141.8417
0,1,3,12,1,5,1200,1320,0.0679,0.3034
0,1,3,12,200,5,1200,1320,0.5977,0.4916
0,1,3,24,1,5,1200,12144,0.3093,0.3155
0,1,3,24,200,5,1200,12144,5.3089,0.5775
0,1,4,12,1,5,1200,11880,0.3628,0.5733
0,1,4,12,200,5,1200,11880,8.6256,1.2773
0,1,4,24,1,5,1200,255024,7.1438,0.6196
0,1,4,24,200,5,1200,255024,-1.0000,1.6092
0,1,3,12,1,60,1200,1320,0.0516,0.2982
0,1,3,12,200,60,1200,1320,0.5561,0.4632
0,1,3,24,1,60,1200,12144,0.1907,0.2791
0,1,3,24,200,60,1200,12144,5.0867,0.5449
0,1,4,12,1,60,1200,11880,0.2337,0.5936
0,1,4,12,200,60,1200,11880,9.0401,1.1460
0,1,4,24,1,60,1200,255024,5.0137,0.6805
0,1,4,24,200,60,1200,255024,-1.0000,1.4425
1,1,3,12,1,5,1200,1320,0.0450,0.6391
1,1,3,12,200,5,1200,1320,3.5455,113.8280
1,1,3,24,1,5,1200,12144,0.1641,0.7235
1,1,3,24,200,5,1200,12144,41.1302,164.0117
1,1,4,12,1,5,1200,11880,0.2204,1.9726
1,1,4,12,200,5,1200,11880,51.1716,353.1603
1,1,4,24,1,5,1200,255024,4.0391,2.8719
1,1,4,24,200,5,1200,255024,-1.0000,625.0482
1,1,3,12,1,60,1200,1320,0.0410,0.3989
1,1,3,12,200,60,1200,1320,2.3109,10.3428
1,1,3,24,1,60,1200,12144,0.1212,0.4559
1,1,3,24,200,60,1200,12144,31.2890,16.2350
1,1,4,12,1,60,1200,11880,0.1772,0.7562
1,1,4,12,200,60,1200,11880,42.6427,25.7393
1,1,4,24,1,60,1200,255024,3.1553,0.8072
1,1,4,24,200,60,1200,255024,-1.0000,42.7173
1,1,3,12,200,3,1200,1320,3.1292,163.3352
1,1,3,24,200,3,1200,12144,38.2922,251.0690
1,1,4,12,200,3,1200,11880,48.8171,576.3743
1,1,4,24,200,3,1200,255024,-1.0000,1005.3088
1,1,3,12,200,7,1200,1320,3.9795,64.3776
1,1,3,24,200,7,1200,12144,44.5913,104.4600
1,1,4,12,200,7,1200,11880,53.1330,228.0959
1,1,4,24,200,7,1200,255024,-1.0000,440.4325
1,1,3,12,200,10,1200,1320,4.3731,56.7978
1,1,3,24,200,10,1200,12144,49.2732,81.9461
1,1,4,12,200,10,1200,11880,62.4987,162.2224
1,1,4,24,200,10,1200,255024,-1.0000,296.1950
1,1,3,12,200,20,1200,1320,2.3661,21.3763
1,1,3,24,200,20,1200,12144,28.7290,37.8527
1,1,4,12,200,20,1200,11880,42.9431,60.1278
1,1,4,24,200,20,1200,255024,-1.0000,106.1418
1,1,3,12,200,40,1200,1320,2.3393,13.4976
1,1,3,24,200,40,1200,12144,30.1485,20.1194
1,1,4,12,200,40,1200,11880,42.8938,32.6234
1,1,4,24,200,40,1200,255024,-1.0000,60.9572
1,1,3,12,200,80,1200,1320,2.2660,8.4925
1,1,3,24,200,80,1200,12144,30.3726,17.0722
1,1,4,12,200,80,1200,11880,42.6416,22.6110
1,1,4,24,200,80,1200,255024,-1.0000,47.1435
1,0,3,12,200,3,3600,1320,0.1724,556.3559
1,0,3,24,200,3,3600,12144,0.5180,310.4858
1,0,4,12,200,3,3600,11880,0.6313,1417.5906
1,0,4,24,200,3,3600,255024,-1.0000,1433.5589
1,0,3,12,200,7,3600,1320,0.1725,121.8442
1,0,3,24,200,7,3600,12144,0.6020,133.5580
1,0,4,12,200,7,3600,11880,0.4819,433.6328
1,0,4,24,200,7,3600,255024,-1.0000,582.3679
1,0,3,12,200,10,3600,1320,0.1829,93.5607
1,0,3,24,200,10,3600,12144,0.6009,130.5153
1,0,4,12,200,10,3600,11880,0.6606,409.2175
1,0,4,24,200,10,3600,255024,-1.0000,391.2610
1,0,3,12,200,20,3600,1320,0.2203,28.6675
1,0,3,24,200,20,3600,12144,0.9380,33.6788
1,0,4,12,200,20,3600,11880,0.6974,205.1455
1,0,4,24,200,20,3600,255024,-1.0000,197.4578
1,0,3,12,200,40,3600,1320,0.3508,17.6057
1,0,3,24,200,40,3600,12144,2.2918,9.0275
1,0,4,12,200,40,3600,11880,0.9452,90.8209
1,0,4,24,200,40,3600,255024,-1.0000,67.6627
1,0,3,12,200,80,3600,1320,0.8525,6.1914
1,0,3,24,200,80,3600,12144,7.0011,9.0642
1,0,4,12,200,80,3600,11880,2.9039,48.0251
1,0,4,24,200,80,3600,255024,-1.0000,42.8850
1,1,2,16,100,20,1200,240,0.1488,3.5677
1,1,2,16,400,20,1200,240,0.5105,14.4265
1,1,2,24,100,20,1200,552,0.2960,5.1765
1,1,2,24,400,20,1200,552,1.0956,21.0758
1,1,2,48,100,20,1200,2256,1.1237,7.1194
1,1,2,48,400,20,1200,2256,4.8824,34.4957
1,1,3,16,100,20,1200,3360,2.9213,11.9389
1,1,3,16,400,20,1200,3360,15.3651,52.7065
1,1,3,24,100,20,1200,12144,13.9317,17.1714
1,1,3,24,400,20,1200,12144,-1.0000,80.5543
1,1,3,48,100,20,1200,103776,-1.0000,31.3748
1,1,3,48,400,20,1200,103776,-1.0000,130.8015
1,1,4,16,100,20,1200,43680,-1.0000,42.3026
1,1,4,16,400,20,1200,43680,-1.0000,172.7172
1,1,4,24,100,20,1200,255024,-1.0000,54.2133
1,1,4,24,400,20,1200,255024,-1.0000,251.1364
1,1,4,48,100,20,1200,4669920,-1.0000,97.8057
1,1,4,48,400,20,1200,4669920,-1.0000,432.2969
1,1,2,16,100,40,1200,240,0.1474,2.7376
1,1,2,16,400,40,1200,240,0.5089,10.7445
1,1,2,24,100,40,1200,552,0.2955,3.3676
1,1,2,24,400,40,1200,552,1.2756,13.6885
1,1,2,48,100,40,1200,2256,1.3305,5.2323
1,1,2,48,400,40,1200,2256,4.9512,21.9592
1,1,3,16,100,40,1200,3360,2.9051,8.3896
1,1,3,16,400,40,1200,3360,15.1803,36.6024
1,1,3,24,100,40,1200,12144,13.6647,10.9325
1,1,3,24,400,40,1200,12144,-1.0000,45.9390
1,1,3,48,100,40,1200,103776,-1.0000,16.8165
1,1,3,48,400,40,1200,103776,-1.0000,80.2620
1,1,4,16,100,40,1200,43680,-1.0000,21.4549
1,1,4,16,400,40,1200,43680,-1.0000,90.1244
1,1,4,24,100,40,1200,255024,-1.0000,28.1288
1,1,4,24,400,40,1200,255024,-1.0000,123.8738
1,1,4,48,100,40,1200,4669920,-1.0000,52.6275
1,1,4,48,400,40,1200,4669920,-1.0000,244.4628
1,1,2,16,100,80,1200,240,0.1572,2.3053
1,1,2,16,400,80,1200,240,0.5125,8.0060
1,1,2,24,100,80,1200,552,0.2917,3.3094
1,1,2,24,400,80,1200,552,1.2755,12.0648
1,1,2,48,100,80,1200,2256,1.3608,6.6490
1,1,2,48,400,80,1200,2256,5.1613,26.5736
1,1,3,16,100,80,1200,3360,2.9998,6.9462
1,1,3,16,400,80,1200,3360,15.4383,23.7362
1,1,3,24,100,80,1200,12144,13.7327,9.5848
1,1,3,24,400,80,1200,12144,-1.0000,38.3905
1,1,3,48,100,80,1200,103776,-1.0000,19.1263
1,1,3,48,400,80,1200,103776,-1.0000,80.7056
1,1,4,16,100,80,1200,43680,-1.0000,17.4258
1,1,4,16,400,80,1200,43680,-1.0000,66.5909
1,1,4,24,100,80,1200,255024,-1.0000,24.6957
1,1,4,24,400,80,1200,255024,-1.0000,101.9174
1,1,4,48,100,80,1200,4669920,-1.0000,49.5031
1,1,4,48,400,80,1200,4669920,-1.0000,208.1596
1,0,2,16,100,40,600,240,0.4368,0.2749
1,0,2,16,400,40,600,240,1.4429,0.3905
1,0,2,24,100,40,600,552,0.8715,0.3101
1,0,2,24,400,40,600,552,3.1230,0.4299
1,0,2,48,100,40,600,2256,2.9084,0.4502
1,0,2,48,400,40,600,2256,11.7885,0.7029
1,0,3,16,100,40,600,3360,6.4704,1.2652
1,0,3,16,400,40,600,3360,28.6427,3.9384
1,0,3,24,100,40,600,12144,27.6545,1.3577
1,0,3,24,400,40,600,12144,-1.0000,4.0702
1,0,3,48,100,40,600,103776,-1.0000,1.4647
1,0,3,48,400,40,600,103776,-1.0000,3.8917
1,0,4,16,100,40,600,43680,-1.0000,7.6256
1,0,4,16,400,40,600,43680,-1.0000,28.4077
1,0,4,24,100,40,600,255024,-1.0000,7.7860
1,0,4,24,400,40,600,255024,-1.0000,28.5428
1,0,4,48,100,40,600,4669920,-1.0000,5.9713
1,0,4,48,400,40,600,4669920,-1.0000,20.5743
1,0,2,16,100,80,600,240,0.5401,0.2104
1,0,2,16,400,80,600,240,1.9259,0.3029
1,0,2,24,100,80,600,552,1.1055,0.2489
1,0,2,24,400,80,600,552,4.1417,0.3403
1,0,2,48,100,80,600,2256,4.1871,0.3416
1,0,2,48,400,80,600,2256,20.7283,0.4180
1,0,3,16,100,80,600,3360,10.6813,0.9547
1,0,3,16,400,80,600,3360,46.8443,2.7850
1,0,3,24,100,80,600,12144,43.3088,0.9890
1,0,3,24,400,80,600,12144,-1.0000,2.7112
1,0,3,48,100,80,600,103776,-1.0000,1.1640
1,0,3,48,400,80,600,103776,-1.0000,3.1086
1,0,4,16,100,80,600,43680,-1.0000,4.5793
1,0,4,16,400,80,600,43680,-1.0000,16.4157
1,0,4,24,100,80,600,255024,-1.0000,4.5455
1,0,4,24,400,80,600,255024,-1.0000,16.4043
1,0,4,48,100,80,600,4669920,-1.0000,6.1645
1,0,4,48,400,80,600,4669920,-1.0000,21.5780
1,0,2,16,100,60,1200,240,0.3485,0.3372
1,0,2,16,400,60,1200,240,1.1050,0.4760
1,0,2,24,100,60,1200,552,0.6590,0.3486
1,0,2,24,400,60,1200,552,2.3565,0.4902
1,0,2,48,100,60,1200,2256,2.4264,0.5357
1,0,2,48,400,60,1200,2256,9.0776,0.7139
1,0,3,16,100,60,1200,3360,4.2650,2.3430
1,0,3,16,400,60,1200,3360,15.2639,5.3992
1,0,3,24,100,60,1200,12144,15.0954,2.4054
1,0,3,24,400,60,1200,12144,-1.0000,8.1673
1,0,3,48,100,60,1200,103776,-1.0000,2.1936
1,0,3,48,400,60,1200,103776,-1.0000,6.8402
1,0,4,16,100,60,1200,43680,-1.0000,8.8663
1,0,4,16,400,60,1200,43680,-1.0000,32.9775
1,0,4,24,100,60,1200,255024,-1.0000,10.0473
1,0,4,24,400,60,1200,255024,-1.0000,36.0988
1,0,4,48,100,60,1200,4669920,-1.0000,9.3358
1,0,4,48,400,60,1200,4669920,-1.0000,33.1773
1,0,2,16,100,120,1200,240,0.4828,0.2405
1,0,2,16,400,120,1200,240,1.6272,0.3366
1,0,2,24,100,120,1200,552,1.0232,0.2758
1,0,2,24,400,120,1200,552,3.7683,0.3872
1,0,2,48,100,120,1200,2256,3.6340,0.3772
1,0,2,48,400,120,1200,2256,14.6854,0.4842
1,0,3,16,100,120,1200,3360,9.8838,0.9695
1,0,3,16,400,120,1200,3360,43.5528,2.8085
1,0,3,24,100,120,1200,12144,39.4690,0.9987
1,0,3,24,400,120,1200,12144,-1.0000,2.8374
1,0,3,48,100,120,1200,103776,-1.0000,2.6570
1,0,3,48,400,120,1200,103776,-1.0000,3.1157
1,0,4,16,100,120,1200,43680,-1.0000,5.8755
1,0,4,16,400,120,1200,43680,-1.0000,21.0557
1,0,4,24,100,120,1200,255024,-1.0000,4.5497
1,0,4,24,400,120,1200,255024,-1.0000,16.3988
1,0,4,48,100,120,1200,4669920,-1.0000,4.8056
1,0,4,48,400,120,1200,4669920,-1.0000,16.7584
1,1,3,12,24,10,1200,1320,0.4751,6.8495
1,1,3,12,200,10,1200,1320,4.0905,58.6644
1,1,3,20,24,10,1200,6840,2.3710,7.3452
1,1,3,20,200,10,1200,6840,24.1982,74.8071
1,1,3,28,24,10,1200,19656,6.9355,10.1013
1,1,3,28,200,10,1200,19656,74.4111,92.3441
1,1,3,34,24,10,1200,35904,12.3542,11.1238
1,1,3,34,200,10,1200,35904,-1.0000,108.2832
1,1,3,40,24,10,1200,59280,23.1955,12.6356
1,1,3,40,200,10,1200,59280,-1.0000,121.5015
1,1,3,48,24,10,1200,103776,42.6356,15.4079
1,1,3,48,200,10,1200,103776,-1.0000,143.7231
