label,operation,elapsed_s,checksum,n_j,n_inner,sigma_over_P,r,isRel,isPer,wrap,A,N,K,nQ
base,eval,0.000115446372,17.1173661577278,56,209,0.1,2,False,True,full-image,1,1,8,10
base,cossim,0.000554545918,0.993005506296608,56,49,0.1,2,False,True,full-image,1,1,8,10
sigma_over_P=0.002,eval,0.000137979055,0.056581141188552,56,187,0.002,2,False,True,full-image,1,1,8,10
sigma_over_P=0.002,cossim,0.00109253846,9.67245854458505e-54,56,26,0.002,2,False,True,full-image,1,1,8,10
sigma_over_P=0.005,eval,0.000136954282,0.393320563890168,56,144,0.005,2,False,True,full-image,1,1,8,10
sigma_over_P=0.005,cossim,0.000537061667,3.29371411030608e-09,56,50,0.005,2,False,True,full-image,1,1,8,10
sigma_over_P=0.01,eval,0.000135466938,0.722151557194239,56,184,0.01,2,False,True,full-image,1,1,8,10
sigma_over_P=0.01,cossim,0.000552189167,0.00757662342444951,56,50,0.01,2,False,True,full-image,1,1,8,10
sigma_over_P=0.05,eval,0.000140952672,3.82886496980348,56,184,0.05,2,False,True,full-image,1,1,8,10
sigma_over_P=0.05,cossim,0.000538616667,0.978080635278321,56,50,0.05,2,False,True,full-image,1,1,8,10
sigma_over_P=0.2,eval,0.000116284389,79.1328929217717,56,229,0.2,2,False,True,full-image,1,1,8,10
sigma_over_P=0.2,cossim,0.000566530208,0.998640304471558,56,40,0.2,2,False,True,full-image,1,1,8,10
sigma_over_P=0.3,eval,0.000123342178,194.200907419384,56,212,0.3,2,False,True,full-image,1,1,8,10
sigma_over_P=0.3,cossim,0.000551558824,0.99981456975028,56,51,0.3,2,False,True,full-image,1,1,8,10
sigma_over_P=0.5,eval,0.000115253872,563.362183532514,56,226,0.5,2,False,True,full-image,1,1,8,10
sigma_over_P=0.5,cossim,0.000562085833,0.999999665364649,56,50,0.5,2,False,True,full-image,1,1,8,10
r=1,eval,9.67464971e-05,14.5015877952314,8,226,0.1,1,False,True,full-image,1,1,8,10
r=1,cossim,0.000192352778,0.996774411104093,8,120,0.1,1,False,True,full-image,1,1,8,10
r=3,eval,0.000176280645,16.0921917150021,336,155,0.1,3,False,True,full-image,1,1,8,10
r=3,cossim,0.00150702546,0.988449765745499,336,18,0.1,3,False,True,full-image,1,1,8,10
r=4,eval,0.000303730978,12.1898921674067,1680,92,0.1,4,False,True,full-image,1,1,8,10
r=4,cossim,0.0054305,0.982658285869627,1680,5,0.1,4,False,True,full-image,1,1,8,10
isRel=False&isPer=False,eval,0.000120469404,16.2435012641283,56,207,0.1,2,False,False,full-image,1,1,8,10
isRel=False&isPer=False,cossim,0.000542967949,0.990224009871712,56,52,0.1,2,False,False,full-image,1,1,8,10
isRel=True&isPer=False,eval,0.000618827778,55.9856296821734,56,30,0.1,2,True,False,full-image,1,1,8,10
isRel=True&isPer=False,cossim,0.00031867963,1,56,45,0.1,2,True,False,full-image,1,1,8,10
isRel=True&isPer=True,eval,0.000869827851,127.44244491145,56,38,0.1,2,True,True,full-image,1,1,8,10
isRel=True&isPer=True,cossim,0.000265303161,1,56,29,0.1,2,True,True,full-image,1,1,8,10
wrap=single-image,eval,9.13372871e-05,17.1173281331367,56,274,0.1,2,False,True,single-image,1,1,8,10
wrap=single-image,cossim,0.00053011413,0.993416198347671,56,46,0.1,2,False,True,single-image,1,1,8,10
A=2,eval,0.000173411592,11.9897588849634,3136,156,0.1,2,False,True,full-image,2,1,8,10
A=2,cossim,0.00104807692,0.980720375284017,3136,26,0.1,2,False,True,full-image,2,1,8,10
A=3,eval,0.000231843254,1.39572874887708,175616,105,0.1,2,False,True,full-image,3,1,8,10
A=3,cossim,0.00159814951,0.965997625093664,175616,17,0.1,2,False,True,full-image,3,1,8,10
N=5,eval,0.000330351406,94.8465995075149,280,83,0.1,2,False,True,full-image,1,5,8,10
N=5,cossim,0.00116844833,0.998551758757287,280,25,0.1,2,False,True,full-image,1,5,8,10
N=20,eval,0.001111195,552.227555106284,1120,25,0.1,2,False,True,full-image,1,20,8,10
N=20,cossim,0.00410323611,0.998818316665911,1120,6,0.1,2,False,True,full-image,1,20,8,10
N=50,eval,0.0026771875,1720.92082786419,2800,10,0.1,2,False,True,full-image,1,50,8,10
N=50,cossim,0.0102473333,0.997803150003403,2800,2,0.1,2,False,True,full-image,1,50,8,10
N=100,eval,0.00532610833,4016.62887952789,5600,5,0.1,2,False,True,full-image,1,100,8,10
N=100,cossim,0.02378325,0.998205981432218,5600,1,0.1,2,False,True,full-image,1,100,8,10
K=4,eval,0.000111425595,3.91045328314337,12,210,0.1,2,False,True,full-image,1,1,4,10
K=4,cossim,0.000551172619,0.985421659438985,12,49,0.1,2,False,True,full-image,1,1,4,10
K=16,eval,0.000123630898,72.3504641150243,240,219,0.1,2,False,True,full-image,1,1,16,10
K=16,cossim,0.000567385204,0.996412575809742,240,49,0.1,2,False,True,full-image,1,1,16,10
K=50,eval,0.000248753788,720.897154561866,2450,132,0.1,2,False,True,full-image,1,1,50,10
K=50,cossim,0.00107628869,0.99781961606783,2450,28,0.1,2,False,True,full-image,1,1,50,10
K=100,eval,0.000345633333,2885.71261345299,9900,80,0.1,2,False,True,full-image,1,1,100,10
K=100,cossim,0.00131392325,0.997957490529733,9900,19,0.1,2,False,True,full-image,1,1,100,10
nQ=1,eval,0.000109426871,0.411972183260737,56,49,0.1,2,False,True,full-image,1,1,8,1
nQ=1,cossim,0.000555046667,0.993005506296608,56,50,0.1,2,False,True,full-image,1,1,8,1
nQ=100,eval,0.000284938406,202.026266637719,56,115,0.1,2,False,True,full-image,1,1,8,100
nQ=100,cossim,0.000555048759,0.993005506296608,56,47,0.1,2,False,True,full-image,1,1,8,100
